Customer ID,First Name,Last Name,Email,Accepts Email Marketing,Default Address Company,Default Address Address1,Default Address Address2,Default Address City,Default Address Province Code,Default Address Country Code,Default Address Zip,Default Address Phone,Phone,Accepts SMS Marketing,Total Spent,Total Orders,Note,Tax Exempt,Tags,Accepts WhatsApp Marketing,Empresa (customer.metafields.custom.empresa),Tipo de Cliente (customer.metafields.custom.tipo_de_cliente)
'9980311896380,Austin,Abel,austinabel825@gmail.com,yes,,,,,,,,,,no,0.00,0,,no,shopify-forms-758259,no,,
'9980311929148,Isabel,Isaza,isabelisazar@gmail.com,yes,,"Carrera 27A, 36sur -150",Bosqueadentro apto 525,Envigado,ANT,CO,,'3158173380,'+573158173380,no,117800.00,1,,no,shopify-forms-785668,no,,
'9980311994684,Jeff,Carter,jeff75@sinfytech.com,yes,,,,,,,,,'+919140068238,no,0.00,0,,no,shopify-forms-758259,no,,
'9980312027452,oscar miguel,Marín Ortega,ozkarmarin01@gmail.com,yes,,,,,,,,,'+573167681725,no,0.00,0,,no,shopify-forms-785668,no,,
'9980312060220,Felix,James,felixjamesshopify63@gmail.com,yes,,,,,,,,,'+16062008304,no,0.00,0,,no,shopify-forms-758259,no,,
'9980312092988,Alejandro,Moreno,hamlop@yahoo.com,yes,,,,Bogotá,DC,CO,,,'+573163746288,no,0.00,0,,no,"fuerte_e_intenso, gravel, mountain_bike, ruta",no,,
'9980312125756,Angela,Martinez,anmartinezru@gmail.com,yes,,,,Bogotá,DC,CO,,,'+573223125687,no,0.00,0,,no,"fuerte_e_intenso, mountain_bike, ruta",no,,
'9980312158524,Mauricio,Castaño,521kofi@gmail.com,yes,,,,Pereira,RIS,CO,,,'+573218304354,no,0.00,0,,no,"fuerte_e_intenso, mountain_bike, ruta",no,,
'9980312191292,Lorena,Cely,singolare.contabilidad@gmail.com,yes,,,,Bogotá,DC,CO,,,'+573134626437,no,0.00,0,,no,"fuerte_e_intenso, ruta",no,,
'9980312224060,Santiago,Gonzales,san.gonzalez548@gmail.com,yes,,,,Bogotá,DC,CO,,,'+573168778979,no,0.00,0,,no,"fuerte_e_intenso, ruta",no,,
'9980312256828,Ruben Dario,Cardona,rubend579@hotmail.com,yes,,,,Armenia,QUI,CO,,,'+573136417495,no,0.00,0,,no,"fuerte_e_intenso, ruta",no,,
'9980312289596,Fabián Andrés,Cheque,fabiandres0916@hotmail.com,yes,,,,Bogotá,DC,CO,,,'+573213457072,no,0.00,0,,no,"fuerte_e_intenso, ruta",no,,
'9980312322364,Carlos Alberto,Acosta Rojas,carlosalbertoacostarojas@hotmail.com,yes,,,,Tunja,BOY,CO,,,'+573156138827,no,0.00,0,,no,"fuerte_e_intenso, ruta",no,,
'9980312355132,Carlos,Aleman Fajardo,calemanfajardo@gmail.com,yes,,,,Chía,DC,CO,,,'+573013043697,no,0.00,0,,no,"fuerte_e_intenso, ruta",no,,
'9980312387900,Santiago Ivan,Breton Valderrama,bretonvalde@gmail.com,yes,,,,Bucaramanga,SAN,CO,,,'+573012706336,no,0.00,0,,no,"fuerte_e_intenso, ruta",no,,
'9980312420668,Andres,Morales Hernandez,andresmoraleshernandez24@gmail.com,yes,,,,Bello,ANT,CO,,,'+573126031590,no,0.00,0,,no,"fuerte_e_intenso, ruta",no,,
'9980312453436,Andrés,Mancipe,andres.mancipe@gmail.com,yes,,,,Bogotá,DC,CO,,,'+573212426683,no,0.00,0,,no,"fuerte_e_intenso, ruta",no,,
'9980312486204,Andrea Carolina,Tamayo,andreac.tamayo@outlook.es,yes,,,,Barranquilla,ATL,CO,,,'+573015802543,no,0.00,0,,no,"fuerte_e_intenso, ruta",no,,
'9980312518972,Martha Jannethe,Bernal Olaya,agroblossom@gmail.com,yes,,,,Bogotá,DC,CO,,,'+573168204267,no,0.00,0,,no,"fuerte_e_intenso, ruta",no,,
'9980312551740,Sergio,Suarez Lara,suareztk@hotmail.com,yes,,,,Bogotá,DC,CO,,,'+573113701776,no,0.00,0,,no,"frutal_y_aromático, ruta",no,,
'9980312584508,Samuel,Ramirez Arroyave,samuelalomiaarroyave@gmail.com,yes,,,,Cartago,VAC,CO,,,'+573148015269,no,0.00,0,,no,"frutal_y_aromático, ruta",no,,
'9980312617276,Daniel Sebastian,Parada,s.parada6@gmail.com,yes,,,,Bogotá,DC,CO,,,'+573133012810,no,0.00,0,,no,"frutal_y_aromático, ruta",no,,
'9980312650044,René,Forero Reyes,reneforero@hotmail.com,yes,,,,Bogotá,DC,CO,,,'+573205781938,no,0.00,0,,no,"frutal_y_aromático, ruta",no,,
'9980312682812,Rafael,Perez,perezfrancorafael@gmail.com,yes,,,,Bogotá,DC,CO,,,'+573102019036,no,0.00,0,,no,"frutal_y_aromático, ruta",no,,
'9980312715580,Omar Fernando,Molano Olaya,omarmolano11@gmail.com,yes,,,,Neiva,HUI,CO,,,'+573132945265,no,0.00,0,,no,"frutal_y_aromático, ruta",no,,
'9980312748348,Mauro,Martinez,mmartinez_1975@yahoo.com,yes,,,,Santiago de Cali,VAC,CO,,,'+573112267551,no,0.00,0,,no,"frutal_y_aromático, ruta",no,,
'9980312813884,Oscar,Forero,misuenocafe24@gmail.com,yes,,,,El Rosal,DC,CO,,,'+573102442929,no,0.00,0,,no,"frutal_y_aromático, ruta",no,,
'9980312846652,Maximiliano,,Maxid85@gmail.com,yes,,,,Bogotá,DC,CO,,,'+573242828757,no,0.00,0,,no,"frutal_y_aromático, ruta",no,,
'9980312879420,Mary Luz,Parra Gomez,mary_parra_gomez@yahoo.com,yes,,,,Bogotá,DC,CO,,,'+573016496403,no,0.00,0,,no,"frutal_y_aromático, ruta",no,,
'9980312912188,Mario,Villegas,mariov917@hotmail.com,yes,,,,Bogotá,DC,CO,,,'+573015844058,no,0.00,0,,no,"frutal_y_aromático, ruta",no,,
'9980312944956,Sergio,Saza,juglar876@gmail.com,yes,,,,Bogotá,DC,CO,,,'+573002239131,no,0.00,0,,no,"frutal_y_aromático, ruta",no,,
'9980312977724,Juan Carlos,Galeano,juangaleano7395@gmail.com,yes,,,,Bogotá,DC,CO,,,'+573118387697,no,0.00,0,,no,"frutal_y_aromático, ruta",no,,
'9980313010492,Jessi,Rivera,Jessi-ilove@gmail.com,yes,,,,Bogotá,DC,CO,,,'+573134624650,no,0.00,0,,no,"frutal_y_aromático, ruta",no,,
'9980313043260,Jairo Anibal,Baldoria,jaroanibaldoria@gmail.com,yes,,,,Montería,COR,CO,,,'+573005436609,no,0.00,0,,no,"frutal_y_aromático, ruta",no,,
'9980313076028,Irene,Velez,irene@thinka.com.co,yes,,,,Manizales,CAL,CO,,,'+573117493252,no,0.00,0,,no,"frutal_y_aromático, ruta",no,,
'9980313108796,Mauricio,Pineda,hmauricio.pinedag@gmail.com,yes,,,,Bogotá,DC,CO,,,'+573164701997,no,0.00,0,,no,"frutal_y_aromático, ruta",no,,
'9980313141564,Harbey,Peña Salamanca,harbey.pena@gmail.com,yes,,,,Bogotá,DC,CO,,,'+573155143126,no,0.00,0,,no,"frutal_y_aromático, ruta",no,,
'9980313174332,Daniel,Torres Cutiva,dfelipetorres@yahoo.com,yes,,,,Santiago de Cali,VAC,CO,,,'+573117448055,no,0.00,0,,no,"frutal_y_aromático, ruta",no,,
'9980313207100,Clímaco,Duque Hidalgo,climaco.duque@gmail.com,yes,,,,MedellÍn,ANT,CO,,,'+573004068153,no,0.00,0,,no,"frutal_y_aromático, ruta",no,,
'9980313239868,Briyit Rocio,Ramirez,brial.92@hotmail.com,yes,,,,Bogotá,DC,CO,,,'+573165377144,no,0.00,0,,no,"frutal_y_aromático, ruta",no,,
'9980313272636,Ana Maria,,anitam185@gmail.com,yes,,,,MedellÍn,ANT,CO,,,'+573216080051,no,0.00,0,,no,"frutal_y_aromático, ruta",no,,
'9980313305404,Coffee Land,,silverlyontravel@outlook.es,yes,,,,Cartagena,BOL,CO,,,'+573183547639,no,0.00,0,,no,"dulce_y_balanceado, ruta",no,,
'9980313338172,Sarita,Vasquez Arango,saritavasquez0101@hotmail.com,yes,,,,Medellín,ANT,CO,,,'+573045240925,no,0.00,0,,no,"dulce_y_balanceado, ruta",no,,
'9980313370940,Juan,Ospina,juanjoelgrafico@gmail.com,yes,,,,Medellín,ANT,CO,,,'+573207997859,no,0.00,0,,no,"dulce_y_balanceado, ruta",no,,
'9980313403708,Jhon Jairo,Henao,johnj_jaramillo@yahoo.es,yes,,,,Envigado,ANT,CO,,,'+573103997748,no,0.00,0,,no,"dulce_y_balanceado, ruta",no,,
'9980313469244,John Harold,Parra Lopez,haroldparra72@gmail.com,yes,,,,Bogotá,DC,CO,,,'+573108811700,no,0.00,0,,no,"dulce_y_balanceado, ruta",no,,
'9980313502012,Giobahana,Ramirez,giobahanarb@gmail.com,yes,,,,Bogotá,DC,CO,,,'+573142363052,no,0.00,0,,no,"dulce_y_balanceado, ruta",no,,
'9980313534780,Oscar,Cardenas Gaitan,cardenasgaitan595@gmail.com,yes,,,,Bogotá,DC,CO,,,'+573204746348,no,0.00,0,,no,"dulce_y_balanceado, ruta",no,,
'9980313567548,Camilo,Duque,camilo@duqueabogados.com,yes,,,,Armenia,QUI,CO,,,'+573006025694,no,0.00,0,,no,"dulce_y_balanceado, ruta",no,,
'9980313600316,Luis Hebert,Ardila Casallas,heberard@hotmail.com,yes,,,,Bogotá,DC,CO,,,'+573187120706,no,0.00,0,,no,"descafeinado, ruta",no,,
'9980313633084,Jhon Alexander,Cely Martinez,jalexmartinez1983@gmail.com,yes,,,,Armenia,QUI,CO,,,'+573212426057,no,0.00,0,,no,"fuerte_e_intenso, ruta",no,,
'9980313665852,Javier,El del Café,yotesirvoelcafe@gmail.com,yes,,,,Bogotá,DC,CO,,,'+573112375491,no,0.00,0,,no,"fuerte_e_intenso, mountain_bike",no,,
'9980313698620,William Mauricio,Giraldo Garcia,wmgiral@yahoo.es,yes,,,,Bogotá,DC,CO,,,'+573128432779,no,0.00,0,,no,"fuerte_e_intenso, mountain_bike",no,,
'9980313731388,Claudia Viviana,Sandoval,vivis152@hotmail.com,yes,,,,Bogotá,DC,CO,,,'+573102575156,no,0.00,0,,no,"fuerte_e_intenso, mountain_bike",no,,
'9980313764156,Sebastian,Aguilar,sebas_1708@hotmail.com,yes,,,,Medellín,ANT,CO,,,'+573197633689,no,0.00,0,,no,"fuerte_e_intenso, mountain_bike",no,,
'9980313796924,Roberto,Mendoza,romendoza42k@gmail.com,yes,,,,Bogotá,DC,CO,,,'+573002015884,no,0.00,0,,no,"fuerte_e_intenso, mountain_bike",no,,
'9980313829692,Nelson,Paredes,neumpac@gmail.com,yes,,,,Yumbo,VAC,CO,,,'+573026010118,no,0.00,0,,no,"fuerte_e_intenso, mountain_bike",no,,
'9980313862460,Mario Andrés,Lopez,marioandreslopez81@gmail.com,yes,,,,Bogotá,DC,CO,,,'+573005762333,no,0.00,0,,no,"fuerte_e_intenso, mountain_bike",no,,
'9980313895228,Lobsang,,lobsangflepa@gmail.com,yes,,,,Barranquilla,ATL,CO,,,'+573158138071,no,0.00,0,,no,"fuerte_e_intenso, mountain_bike",no,,
'9980313960764,Julaina,Ayala Vargas,julainahany@hotmail.com,yes,,,,Facatativá,DC,CO,,,'+573153752634,no,0.00,0,,no,"fuerte_e_intenso, mountain_bike",no,,
'9980313993532,Jorge,Castaño Lara,jlara.arte1964@gmail.com,yes,,,,Envigado,ANT,CO,,,'+573113628344,no,0.00,0,,no,"fuerte_e_intenso, mountain_bike",no,,
'9980314026300,Humberto,Barragan,humbertobarraganramirez@hotmail.com,yes,,,,Bogotá,DC,CO,,,'+573108141990,no,0.00,0,,no,"fuerte_e_intenso, mountain_bike",no,,
'9980314059068,Hernan Andres,Garces,hernanandresgarces@hotmail.com,yes,,,,Santiago de Cali,VAC,CO,,,'+573113005277,no,0.00,0,,no,"fuerte_e_intenso, mountain_bike",no,,
'9980314091836,Gilberth,Romero,gilberthspeedy@hotmail.com,yes,,,,Santiago de Cali,VAC,CO,,,'+573155874345,no,0.00,0,,no,"fuerte_e_intenso, mountain_bike",no,,
'9980314124604,Alfonso,Ricaurte Aguirre,fitoal@hotmail.com,yes,,,,Bogotá,DC,CO,,,'+573108522931,no,0.00,0,,no,"fuerte_e_intenso, mountain_bike",no,,
'9980314190140,Luis Fernando,Garcia Diaz,fercho2782@hotmail.es,yes,,,,Caldas,ANT,CO,,,'+573024332389,no,0.00,0,,no,"fuerte_e_intenso, mountain_bike",no,,
'9980314222908,Iván Darío,Florez Pardo,doctorivan8412@gmail.com,yes,,,,Bogotá,DC,CO,,,'+573202759801,no,0.00,0,,no,"fuerte_e_intenso, mountain_bike",no,,
'9980314255676,Diego,Gracilieri,diego.gracilieri@gmail.com,yes,,,,Medellín,ANT,CO,,,'+573116293607,no,0.00,0,,no,"fuerte_e_intenso, mountain_bike",no,,
'9980314288444,Carlos,,cartup@hotmail.com,yes,,,,Bogotá,DC,CO,,,'+573153679934,no,0.00,0,,no,"fuerte_e_intenso, mountain_bike",no,,
'9980314321212,Carlos,Calvo,carlosandcalvo@hotmail.com,yes,,,,Bogotá,DC,CO,,,'+573008588550,no,0.00,0,,no,"fuerte_e_intenso, mountain_bike",no,,
'9980314353980,Andres,Patarroyo Feres,andrespatarroyo@gmail.com,yes,,,,Bogotá,DC,CO,,,'+573124131440,no,0.00,0,,no,"fuerte_e_intenso, mountain_bike",no,,
'9980314386748,Alejandro,Romero Boada,alejandro.romeroboada@hotmail.com,yes,,,,Bogotá,DC,CO,,,'+573174353018,no,0.00,0,,no,"fuerte_e_intenso, mountain_bike",no,,
'9980314419516,Anderson,Villamil,aervilla@hotmail.com,yes,,,,Chiriguaná,CES,CO,,,'+573183820106,no,0.00,0,,no,"fuerte_e_intenso, mountain_bike",no,,
'9980314452284,Héctor Favio,Garcia Alvarez,aerofa2003@yahoo.com,yes,,,,Medellín,ANT,CO,,,'+573154085694,no,0.00,0,,no,"fuerte_e_intenso, mountain_bike",no,,
'9980314485052,Pedro,,pedroab79m@gmail.com,yes,,,,Facatativa,DC,CO,,,'+573145728074,no,0.00,0,,no,"frutal_y_aromático, mountain_bike",no,,
'9980314517820,Paulo,Perez,paucepe@hotmail.com,yes,,,,Armenia,QUI,CO,,,'+573155857841,no,0.00,0,,no,"frutal_y_aromático, mountain_bike",no,,
'9980314550588,Mauricio,Hurtado,mauriciohurtado0816@hotmail.com,yes,,,,Armenia,QUI,CO,,,'+573182926216,no,0.00,0,,no,"frutal_y_aromático, mountain_bike",no,,
'9980314616124,Kyra Margarita,Osorio Gutierrez,marco_duvan@hotmail.com,yes,,,,Bucaramanga,SAN,CO,,,'+573168216460,no,0.00,0,,no,"frutal_y_aromático, mountain_bike",no,,
'9980314648892,Luis Fernando,Mena Delgado,lumena998@gmail.com,yes,,,,Medellín,ANT,CO,,,'+573147817817,no,0.00,0,,no,"frutal_y_aromático, mountain_bike",no,,
'9980314681660,Luis Gerrdo,Velandia Velandia,luisgerarvel@hotmail.com,yes,,,,Duitama,BOY,CO,,,'+573103128222,no,0.00,0,,no,"frutal_y_aromático, mountain_bike",no,,
'9980314714428,Luis Humberto,Paez,luhpae1970@gmail.com,yes,,,,Ibagué,TOL,CO,,,'+573125400155,no,0.00,0,,no,"dulce_y_balanceado, ruta",no,,
'9980314779964,Henry,Narvaez Uribe,leonarvaez9223@gmail.com,yes,,,,Neiva,HUI,CO,,,'+573124221057,no,0.00,0,,no,"frutal_y_aromático, mountain_bike",no,,
'9980314812732,Xavier,Garzon,javiergarzonjimenez@gmail.com,yes,,,,Bogotá,DC,CO,,,'+573057477769,no,0.00,0,,no,"frutal_y_aromático, mountain_bike",no,,
'9980314845500,Ingrid Andrea,Carrero Bermudez,icarrerob38@gmail.com,yes,,,,Pereira,RIS,CO,,,'+573192176427,no,0.00,0,,no,"frutal_y_aromático, mountain_bike",no,,
'9980314878268,Gustavo,Delgadillo,gustavodelgadillo.d@gmail.com,yes,,,,Calima,VAC,CO,,,'+573157140035,no,0.00,0,,no,"frutal_y_aromático, mountain_bike",no,,
'9980314911036,Fernando,Gutiérrez .,fernandogutierrezt09@gmail.com,yes,,,,Medellin,ANT,CO,,,'+573104363063,no,0.00,0,,no,"frutal_y_aromático, mountain_bike",no,,
'9980314976572,Daniel,Cubides,danieleduardocubides@hotmail.com,yes,,,,Miraflores,BOY,CO,,,'+573133420539,no,0.00,0,,no,"frutal_y_aromático, mountain_bike",no,,
'9980315009340,Johan,Castro,camilo-2993@hotmail.com,yes,,,,Soacha,DC,CO,,,,no,0.00,0,,no,"frutal_y_aromático, mountain_bike",no,,
'9980315042108,Carlos Alberto,Cortes Rios,cabetocortes@gmail.com,yes,,,,Pereira,RIS,CO,,,'+573135733553,no,0.00,0,,no,"frutal_y_aromático, mountain_bike",no,,
'9980315107644,Daniel,Toro,archeas2@gmail.com,yes,,,,Manizales,CAL,CO,,,'+573113008554,no,0.00,0,,no,"frutal_y_aromático, mountain_bike",no,,
'9980315140412,Wilmar,Quintero Acosta,wqa1985@gmail.com,yes,,,,Medellin,ANT,CO,,,'+573113115103,no,0.00,0,,no,"dulce_y_balanceado, mountain_bike",no,,
'9980315173180,Sigifredo,Cruz Garcia,sigifredocruzg@yahoo.com,yes,,,,Pereira,RIS,CO,,,'+573122969112,no,0.00,0,,no,"dulce_y_balanceado, mountain_bike",no,,
'9980315205948,Jhon,Moreno,morenosolanojairo37@gmail.com,yes,,,,Subachoque,DC,CO,,,'+573104332798,no,0.00,0,,no,"dulce_y_balanceado, mountain_bike",no,,
'9980315238716,Mariangelly,Zubiria,mjzubiria@gmail.com,yes,,,,Bogotá,DC,CO,,,'+573166279542,no,0.00,0,,no,"dulce_y_balanceado, mountain_bike",no,,
'9980315271484,Mauricio,Macias,mauromacias1@hotmail.com,yes,,,,Medellín,ANT,CO,,,'+573104935084,no,0.00,0,,no,"dulce_y_balanceado, mountain_bike",no,,
'9980315304252,Luis Eduardo,Quintero Montoya,luchom53@hotmail.com,yes,,,,Tabio,DC,CO,,,'+573112094212,no,0.00,0,,no,"dulce_y_balanceado, mountain_bike",no,,
'9980315337020,Juan,Alfaro,juanalfaro86@outlook.com,yes,,,,Zipaquirá,DC,CO,,,'+573175824903,no,0.00,0,,no,"dulce_y_balanceado, mountain_bike",no,,
'9980315369788,Javier Leonardo,Guzman,javierguzman80@gmail.com,yes,,,,Ibagué,TOL,CO,,,'+573175015359,no,0.00,0,,no,"dulce_y_balanceado, mountain_bike",no,,
'9980315402556,Juan Esteban,Gallego,gallego.esteban@hotmail.com,yes,,,,Rionegro,ANT,CO,,,'+573004887010,no,0.00,0,,no,"dulce_y_balanceado, mountain_bike",no,,
'9980315435324,Leonardo,Melo,fabianbmx11@gmail.com,yes,,,,Tibasosa,BOY,CO,,,'+573203896177,no,0.00,0,,no,"dulce_y_balanceado, mountain_bike",no,,
'9980315468092,Diana Marcela,Pico Sanchez,dianamarpicos@hotmail.com,yes,,,,Bogotá,DC,CO,,,'+573005643649,no,0.00,0,,no,"dulce_y_balanceado, mountain_bike",no,,
'9980315500860,Carlitos,Tejada,carlitos091289@gmail.com,yes,,,,Pereira,RIS,CO,,,'+573147802994,no,0.00,0,,no,"dulce_y_balanceado, mountain_bike",no,,
'9980315566396,Jhon,Bedoya,bergoya@gmail.com,yes,,,,Ríonegro,ANT,CO,,,'+573054448480,no,0.00,0,,no,"dulce_y_balanceado, mountain_bike",no,,
'9980315599164,Arnulfo,Arroyo,arnoldbrook29@gmail.com,yes,,,,Santiago de Cali,VAC,CO,,,'+573017282554,no,0.00,0,,no,"descafeinado, mountain_bike, ruta",no,,
'9980315631932,Ricardo Andrés,Rojas Sanchez,rikardoandres@hotmail.com,yes,,,,Bogotá,DC,CO,,,'+573005275033,no,0.00,0,,no,"frutal_y_aromático, gravel, ruta",no,,
'9980315664700,Jairo,Quiroz,jquirozme@hotmail.com,yes,,,,Bogotá,DC,CO,,,'+573132655125,no,0.00,0,,no,"fuerte_e_intenso, ruta",no,,
'9980315697468,Hernando,Moreno,hamsenichenko@gmail.com,yes,,,,Bogotá,DC,CO,,,'+573125800925,no,0.00,0,,no,"fuerte_e_intenso, ruta",no,,
'9980315730236,Jose Gussepi,Calderon,gussepi16@gmail.com,yes,,,,Carmen de Viboral,ANT,CO,,,'+573207261812,no,0.00,0,,no,"fuerte_e_intenso, ruta",no,,
'9980315763004,Mauricio,Salavarrieta Bejarano,gerentekayros@gmail.com,yes,,,,Bogotá,DC,CO,,,'+573133961495,no,0.00,0,,no,"fuerte_e_intenso, ruta",no,,
'9980315795772,Fredy Steep,Camelo Piedrahita,fredysteep@gmail.com,yes,,,,Bogotá,DC,CO,,,'+573013965040,no,0.00,0,,no,"fuerte_e_intenso, ruta",no,,
'9980315828540,Fabian,Durango,fdurango1@yahoo.com.mx,yes,,,,Medellín,ANT,CO,,,'+573146614513,no,0.00,0,,no,"fuerte_e_intenso, ruta",no,,
'9980315861308,Sergio,Cardona,sacgfbi@yahoo.es,yes,,,,Bello,ANT,CO,,,'+573248573479,no,0.00,0,,no,"fuerte_e_intenso, gravel",no,,
'9980315894076,Jimmy,Baldion,jimmy.baldion@mamutbike.com,yes,,,,Bogotá,DC,CO,,,'+573165385430,no,0.00,0,,no,"fuerte_e_intenso, gravel",no,,
'9980315926844,Ever Armando,Rios Arias,ever.rios1990@gmail.co,yes,,,,Bogotá,DC,CO,,,'+573155801456,no,0.00,0,,no,"fuerte_e_intenso, gravel",no,,
'9980315959612,Cristian,Tellez Farias,Ctidaco04@gmail.com,yes,,,,Tocancipá,DC,CO,,,'+573204416510,no,0.00,0,,no,"fuerte_e_intenso, gravel",no,,
'9980315992380,Juan Alonso,Rincon Granados,alonsorincong@hotmail.com,yes,,,,Bogotá,DC,CO,,,'+573057627888,no,0.00,0,,no,"fuerte_e_intenso, gravel",no,,
'9980316025148,Sergio,Marroquin Cabrera,sergio.marroco@hotmail.com,yes,,,,Bogotá,DC,CO,,,'+573172715872,no,0.00,0,,no,"frutal_y_aromático, gravel",no,,
'9980316057916,Aura Maria,Gonzalez,maruja8116@gmail.com,yes,,,,Ibagué,TOL,CO,,,'+573014462181,no,0.00,0,,no,"frutal_y_aromático, gravel",no,,
'9980316090684,Luis Carlos,Isaza,luis.isaza@firplak.com,yes,,Cra 15 #19 sur - 54  Urbanización Vallados de Gratamira 2,,Medellin,ANT,CO,'050022,'+57 315 8173373,'+573158173373,no,1993120.00,4,,no,,no,,
'9980316123452,Fanny,Hurtado,falaims2229@hotmail.com,yes,,,,Medellín,ANT,CO,,,'+573012333800,no,0.00,0,,no,"fuerte_e_intenso, mountain_bike",no,,
'9980316156220,Sentimiento,Cafetero,sentimientocafetero@gmail.com,yes,,,,,,CO,,,,no,0.00,0,,no,"mitico-code:GREGARIO0010, mitico-reward:Small Growers Blend - Legado Edición Especial, newsletter",no,,
'9980316188988,Diana,Cuartas,cuartas26@yahoo.es,yes,,,,Pereira,RIS,CO,,,'+573127677521,no,0.00,0,,no,"dulce_y_balanceado, mountain_bike",no,,
'9980316221756,Juan Carlos,Restrepo Davila,juanrestrepodavila@gmail.com,yes,,,,Medellín,ANT,CO,,,'+573105004132,no,0.00,0,,no,"fuerte_e_intenso, mountain_bike",no,,
'9980316254524,WILLIAM Mauricio Giraldo Garcia,,Wmgiral@gmail.com,yes,,,,,,CO,,,,no,0.00,0,,no,"newsletter, shopify-forms-743743",no,,
'9980316287292,Johana,Rico Lopez,johanaricolopez@gmail.com,yes,,,,Santiago de Cali,VAC,CO,,,'+573116156902,no,0.00,0,,no,"fuerte_e_intenso, ruta",no,,
'9980316320060,Gustavo,Rodriguez Florez,gustafa21flowers@gmail.comg,yes,,,,Manizales,CAL,CO,,,'+573206801742,no,0.00,0,,no,"frutal_y_aromático, mountain_bike",no,,
'9980316352828,Jimena,Lopez,jime7a@gmail.com,yes,,,,Manizales,CAL,CO,,,'+573173630887,no,0.00,0,,no,"frutal_y_aromático, mountain_bike",no,,
'9980316385596,Juan David,Rodriguez,Cozte@hotmail.com,yes,,,,,,,,,'+573208046449,no,2559380.00,5,,no,shopify-forms-743743,no,,
'9980316418364,Silvana,Salazar Serna,mana_sss@hotmail.com,yes,,,,,,CO,,,'+573104367410,yes,383790.00,2,,no,,no,,
'9980316451132,Silvia,Isaza Restrepo,sivo202@hotmail.com,yes,32445849,Calle 23N #15-21,"Edificio Oasis de Laureles, Apto 304",Armenia,QUI,CO,,'3006112645,'+573006112645,no,0.00,0,,no,,no,,
'9980316516668,Alejandro,Isaza,alejandro.isaza@firplak.com,yes,FIRPLAK,Carrera 27 A # 36 sur 150,Apto 309 - Torre 1 Conjunto Bosque Adentro,Envigado,ANT,CO,'0000000,'+573158173383,'+573158173383,yes,282600.00,3,,no,"Login with Shop, Shop",no,,
'9980316549436,Larry,Burnett,larrypaulburnett@yahoo.com,yes,,,,,,,,,,no,0.00,0,,no,,no,,
'9980316582204,Carlos,ramirez,candresram@hotmail.com,yes,,,,,,,,,,no,0.00,0,,no,,no,,
'9980316614972,erewr,werewr,sadasd@gmail.com,yes,,,,,,,,,,no,0.00,0,,no,,no,,
'9980316647740,,,ngarzon0311@hotmail.com,yes,,,,,,CO,,,,no,0.00,0,,no,newsletter,no,,
'9980316680508,Alejandro,Carrizosa,alejo.carri@gmail.com,yes,4376514,Calle 23N #15-21,Edificio Oasis de Laureles,Armenia,QUI,CO,,'3104320274,,no,339310.00,3,,no,"newsletter, shopify-forms-743743, Wrote Judge.me web review",no,,
'10005097283900,Maria Fernanda,Quiroga,fernandaquiror1986@gmail.com,yes,,,,,,CO,,,'+573213346173,no,127245.00,1,,no,,no,,
'10141071573308,,,1995mcardenas@gmail.com,yes,,,,,,,,,,no,0.00,0,,no,running,no,,
'10141071606076,,,a.c.v.quindio1974@gmail.com,yes,,,,,,,,,,no,0.00,0,,no,running,no,,
'10141071638844,,,Aamaria1colorado@hotmail.com,yes,,,,,,,,,,no,0.00,0,,no,running,no,,
'10141071671612,,,Abogadojuliantovar@hotmail.com,yes,,,,,,,,,,no,0.00,0,,no,running,no,,
'10141071704380,,,abogadosecada@gmail.com,yes,,,,,,,,,,no,0.00,0,,no,running,no,,
'10141071737148,,,acevedovsav@gmail.com,yes,,,,,,,,,,no,0.00,0,,no,running,no,,
'10141071769916,,,acgamboaro@gmail.com,yes,,,,,,,,,,no,0.00,0,,no,running,no,,
'10141071835452,,,acuariotex@gmail.com,yes,,,,,,,,,,no,0.00,0,,no,running,no,,
'10141071868220,,,adcares79@gmail.com,yes,,,,,,,,,,no,0.00,0,,no,running,no,,
'10141071900988,,,adelinaarrecheaupegui@hotmail.com,yes,,,,,,,,,,no,0.00,0,,no,running,no,,
'10141071966524,,,adrianamarcelamoralesramos2023@gmail.com,yes,,,,,,,,,,no,0.00,0,,no,running,no,,
'10141071999292,,,adriz310@yahoo.es,yes,,,,,,,,,,no,0.00,0,,no,running,no,,
'10141072064828,,,Afcv0721@gmail.com,yes,,,,,,,,,,no,0.00,0,,no,running,no,,
'10141072097596,,,agomez112@hotmail.com,yes,,,,,,,,,,no,0.00,0,,no,running,no,,
'10141072130364,,,agudelo76@hotmail.com,yes,,,,,,,,,,no,0.00,0,,no,running,no,,
'10141072163132,,,Ahenry.atleta@gmail.com,yes,,,,,,,,,,no,0.00,0,,no,running,no,,
'10141072195900,,,al3millan@gmail.com,yes,,,,,,,,,,no,0.00,0,,no,running,no,,
'10141072261436,,,albaluzquevedorincon@gmail.com,yes,,,,,,,,,,no,0.00,0,,no,running,no,,
'10141072294204,,,alcalacgs.edwingonzalez@gmail.com,yes,,,,,,,,,,no,0.00,0,,no,running,no,,
'10141072326972,,,Alejaaperezz@gmail.com,yes,,,,,,,,,,no,0.00,0,,no,running,no,,
'10141072359740,,,alejandrabedoya0412@gmail.com,yes,,,,,,,,,,no,0.00,0,,no,running,no,,
'10141072392508,,,alejandraherrerac19@gmail.com,yes,,,,,,,,,,no,0.00,0,,no,running,no,,
'10141072458044,,,alejandramarialopez622@gmail.com,yes,,,,,,,,,,no,0.00,0,,no,running,no,,
'10141072490812,,,alejandrarojascorrea06@gmail.com,yes,,,,,,,,,,no,0.00,0,,no,running,no,,
'10141072523580,,,alejandro.serna22@outlook.com,yes,,,,,,,,,,no,0.00,0,,no,running,no,,
'10141072556348,,,Alejandroalvarezwot@gmail.com,yes,,,,,,,,,,no,0.00,0,,no,running,no,,
'10141072589116,,,alejomrunningcoach318@gmail.com,yes,,,,,,,,,,no,0.00,0,,no,running,no,,
'10141072654652,,,alequimar0314@outlook.com,yes,,,,,,,,,,no,0.00,0,,no,running,no,,
'10141072687420,,,aleren@comfenalcoquindio.co,yes,,,,,,,,,,no,0.00,0,,no,running,no,,
'10141072720188,,,alexander4025@gmail.com,yes,,,,,,,,,,no,0.00,0,,no,running,no,,
'10141072752956,,,alexcabreraburgos13@gmail.com,yes,,,,,,,,,,no,0.00,0,,no,running,no,,
'10141072785724,,,Alexcorreadiaz@gmail.com,yes,,,,,,,,,,no,0.00,0,,no,running,no,,
'10141072818492,,,alexmanu2416@hotmail.com,yes,,,,,,,,,,no,0.00,0,,no,running,no,,
'10141072884028,,,alexorjuela22@gmail.com,yes,,,,,,,,,,no,0.00,0,,no,running,no,,
'10141072916796,,,alis-vlujan@hotmail.com,yes,,,,,,,,,,no,0.00,0,,no,running,no,,
'10141072949564,,,allissonrc0406@gmail.com,yes,,,,,,,,,,no,0.00,0,,no,running,no,,
'10141072982332,,,almecrasi@gmail.com,yes,,,,,,,,,,no,0.00,0,,no,running,no,,
'10141073015100,,,alrogi0742@gmail.com,yes,,,,,,,,,,no,0.00,0,,no,running,no,,
'10141073080636,,,Alzatevelezjuanpablo@gmail.com,yes,,,,,,,,,,no,0.00,0,,no,running,no,,
'10141073113404,,,amoralosanimales3009@gmail.com,yes,,,,,,,,,,no,0.00,0,,no,running,no,,
'10141073146172,,,analuciablandon19@gmail.com,yes,,,,,,,,,,no,0.00,0,,no,running,no,,
'10141073178940,,,Anasofiaharenas@gmail.com,yes,,,,,,,,,,no,0.00,0,,no,running,no,,
'10141073211708,,,anderson.beltran.509@gmail.com,yes,,,,,,,,,,no,0.00,0,,no,running,no,,
'10141073277244,,,andicavictor1@gmail.com,yes,,,,,,,,,,no,0.00,0,,no,running,no,,
'10141073310012,,,andre.raz13@gmail.com,yes,,,,,,,,,,no,0.00,0,,no,running,no,,
'10141073375548,,,Andreabf0269@gmail.com,yes,,,,,,,,,,no,0.00,0,,no,running,no,,
'10141073408316,,,andreagviria@gmail.com,yes,,,,,,,,,,no,0.00,0,,no,running,no,,
'10141073473852,,,andreinaloverakoch@gmail.com,yes,,,,,,,,,,no,0.00,0,,no,running,no,,
'10141073539388,,,andres.felipe.hernandez2023@gmail.com,yes,,,,,,,,,,no,0.00,0,,no,running,no,,
'10141073572156,,,andrescardozoarq@gmail.com,yes,,,,,,,,,,no,0.00,0,,no,running,no,,
'10141073604924,,,andresfelipe9015@gmail.com,yes,,,,,,,,,,no,0.00,0,,no,running,no,,
'10141073637692,,,andresfelipealvarezchavez5@gmail.com,yes,,,,,,,,,,no,0.00,0,,no,running,no,,
'10141073670460,,,andresfelipeovalle87@gmail.com,yes,,,,,,,,,,no,0.00,0,,no,running,no,,
'10141073735996,,,andresmeji36@gmail.com,yes,,,,,,,,,,no,0.00,0,,no,running,no,,
'10141073768764,,,andresromancardona@gmail.com,yes,,,,,,,,,,no,0.00,0,,no,running,no,,
'10141073801532,,,angelalicet78@gmail.com,yes,,,,,,,,,,no,0.00,0,,no,running,no,,
'10141073834300,,,Angelicaduque003@gmail.com,yes,,,,,,,,,,no,0.00,0,,no,running,no,,
'10141073867068,,,Angelikmontalvo@hotmail.com,yes,,,,,,,,,,no,0.00,0,,no,running,no,,
'10141073932604,,,angelo.inge@gmail.com,yes,,,,,,,,,,no,0.00,0,,no,running,no,,
'10141073998140,,,angiesofianino@gmail.com,yes,,,,,,,,,,no,0.00,0,,no,running,no,,
'10141074030908,,,anli.agudelo@hotmail.com,yes,,,,,,,,,,no,0.00,0,,no,running,no,,
'10141074063676,,,ansocacampestre@gmail.com,yes,,,,,,,,,,no,0.00,0,,no,running,no,,
'10141074096444,,,ansuvi.9911@gmail.com,yes,,,,,,,,,,no,0.00,0,,no,running,no,,
'10141074129212,,,ardilayenni1@gmail.com,yes,,,,,,,,,,no,0.00,0,,no,running,no,,
'10141074161980,,,ariassotokatherine@gmail.com,yes,,,,,,,,,,no,0.00,0,,no,running,no,,
'10141074227516,,,arizaandres770@gmail.com,yes,,,,,,,,,,no,0.00,0,,no,running,no,,
'10141074293052,,,armenia.laj1979@gmail.com,yes,,,,,,,,,,no,0.00,0,,no,running,no,,
'10141074325820,,,armeniafutsalon@gmail.com,yes,,,,,,,,,,no,0.00,0,,no,running,no,,
'10141074358588,,,Arqpablosanchez19@gmail.com,yes,,,,,,,,,,no,0.00,0,,no,running,no,,
'10141074391356,,,arqwillyvalencia@gmail.com,yes,,,,,,,,,,no,0.00,0,,no,running,no,,
'10141074424124,,,asistentehigiadistribuciones@gmail.com,yes,,,,,,,,,,no,0.00,0,,no,running,no,,
'10141074489660,,,astridsacristance@gmail.com,yes,,,,,,,,,,no,0.00,0,,no,running,no,,
'10141074555196,,,atletismosalentoquindio@hotmail.comail,yes,,,,,,,,,,no,0.00,0,,no,running,no,,
'10141074587964,,,atoro3322@gmail.com,yes,,,,,,,,,,no,0.00,0,,no,running,no,,
'10141074620732,,,atrapapeces@hotmail.com,yes,,,,,,,,,,no,0.00,0,,no,running,no,,
'10141074653500,,,audid1999@gmail.com,yes,,,,,,,,,,no,0.00,0,,no,running,no,,
'10141074686268,,,audid99@hotmail.com,yes,,,,,,,,,,no,0.00,0,,no,running,no,,
'10141074719036,,,aux-biblioteca3@cue.edu.co,yes,,,,,,,,,,no,0.00,0,,no,running,no,,
'10141074784572,,,Avmendezh@uqvirtual.edu.co,yes,,,,,,,,,,no,0.00,0,,no,running,no,,
'10141074817340,,,awwester@gmail.com,yes,,,,,,,,,,no,0.00,0,,no,running,no,,
'10141074850108,,,ayurany@yahoo.com,yes,,,,,,,,,,no,0.00,0,,no,running,no,,
'10141074882876,,,baurojas62@gmail.com,yes,,,,,,,,,,no,0.00,0,,no,running,no,,
'10141074915644,,,bergonl84@gmail.com,yes,,,,,,,,,,no,0.00,0,,no,running,no,,
'10141074948412,,,betancourtguayaraa@gmail.com,yes,,,,,,,,,,no,0.00,0,,no,running,no,,
'10141074981180,,,bodega.manzur.co@gmail.com,yes,,,,,,,,,,no,0.00,0,,no,running,no,,
'10141075046716,,,brandon.manicomio777@gmail.com,yes,,,,,,,,,,no,0.00,0,,no,running,no,,
'10141075112252,,,breinerestiven95@gmail.com,yes,,,,,,,,,,no,0.00,0,,no,running,no,,
'10141075177788,,,brunogviria@gmail.com,yes,,,,,,,,,,no,0.00,0,,no,running,no,,
'10141075243324,,,bryan226@live.com,yes,,,,,,,,,,no,0.00,0,,no,running,no,,
'10141075276092,,,brycarmona99@gmail.com,yes,,,,,,,,,,no,0.00,0,,no,running,no,,
'10141075308860,,,cambo328@gmail.com,yes,,,,,,,,,,no,0.00,0,,no,running,no,,
'10141075341628,,,camila12194@gmail.com,yes,,,,,,,,,,no,0.00,0,,no,running,no,,
'10141075374396,,,camilita_1999@hotmail.es,yes,,,,,,,,,,no,0.00,0,,no,running,no,,
'10141075439932,,,camiloagonzalez@gmail.com,yes,,,,,,,,,,no,0.00,0,,no,running,no,,
'10141075472700,,,camilogv25@gmail.com,yes,,,,,,,,,,no,0.00,0,,no,running,no,,
'10141075505468,,,camilonoguerabmw@gmail.com,yes,,,,,,,,,,no,0.00,0,,no,running,no,,
'10141075538236,,,caohs70@hotmail.com,yes,,,,,,,,,,no,0.00,0,,no,running,no,,
'10141075603772,,,cardozo.carlos@gmail.com,yes,,,,,,,,,,no,0.00,0,,no,running,no,,
'10141075669308,,,Caritotique@hotmail.com,yes,,,,,,,,,,no,0.00,0,,no,running,no,,
'10141075702076,,,carlosojedaariza@gmail.com,yes,,,,,,,,,,no,0.00,0,,no,running,no,,
'10141075734844,,,carolinachz@hotmail.com,yes,,,,,,,,,,no,0.00,0,,no,running,no,,
'10141075767612,,,Carolinalaserna70@gmail.com,yes,,,,,,,,,,no,0.00,0,,no,running,no,,
'10141075833148,,,carolinauranh@gmail.com,yes,,,,,,,,,,no,0.00,0,,no,running,no,,
'10141075865916,,,carolinazapataveg@gmail.com,yes,,,,,,,,,,no,0.00,0,,no,running,no,,
'10141075898684,,,caroloaiza88@hotmail.com,yes,,,,,,,,,,no,0.00,0,,no,running,no,,
'10141075931452,,,castajohan197@gmail.com,yes,,,,,,,,,,no,0.00,0,,no,running,no,,
'10141075996988,,,catherineleonu92@gmail.com,yes,,,,,,,,,,no,0.00,0,,no,running,no,,
'10141076029756,,,cdtbamur5@gmail.com,yes,,,,,,,,,,no,0.00,0,,no,running,no,,
'10141076062524,,,Cejass_22@hotmail.com,yes,,,,,,,,,,no,0.00,0,,no,running,no,,
'10141076095292,,,celisjairo42@gmail.com,yes,,,,,,,,,,no,0.00,0,,no,running,no,,
'10141076160828,,,cesar290676@hotmail.com,yes,,,,,,,,,,no,0.00,0,,no,running,no,,
'10141076226364,,,cesaraugustobeltran7@gmail.com,yes,,,,,,,,,,no,0.00,0,,no,running,no,,
'10141076259132,,,cesarm0515@gmail.com,yes,,,,,,,,,,no,0.00,0,,no,running,no,,
'10141076291900,,,Chavaospina@gmail.com,yes,,,,,,,,,,no,0.00,0,,no,running,no,,
'10141076324668,,,Christian.loaizah@gmail.com,yes,,,,,,,,,,no,0.00,0,,no,running,no,,
'10141076390204,,,chuchobrandon@gmail.com,yes,,,,,,,,,,no,0.00,0,,no,running,no,,
'10141076455740,,,clarita.ramirezg1989@gmail.com,yes,,,,,,,,,,no,0.00,0,,no,running,no,,
'10141076521276,,,Claud359@hotmail.com,yes,,,,,,,,,,no,0.00,0,,no,running,no,,
'10141076554044,,,claudia313739@gmail.com,yes,,,,,,,,,,no,0.00,0,,no,running,no,,
'10141076586812,,,claudiacorrechasst@gmail.com,yes,,,,,,,,,,no,0.00,0,,no,running,no,,
'10141076619580,,,cm100crack@gmail.com,yes,,,,,,,,,,no,0.00,0,,no,running,no,,
'10141076652348,,,Cmaderaguacaneme@gmail.com,yes,,,,,,,,,,no,0.00,0,,no,running,no,,
'10141076685116,,,compeci31@gmail.com,yes,,,,,,,,,,no,0.00,0,,no,running,no,,
'10141076717884,,,contabilidad@aralthel.com,yes,,,,,,,,,,no,0.00,0,,no,running,no,,
'10141076750652,,,corlocal67@gmail.com,yes,,,,,,,,,,no,0.00,0,,no,running,no,,
'10141076783420,,,correaylopezabogados@gmail.com,yes,,,,,,,,,,no,0.00,0,,no,running,no,,
'10141076816188,,,Crediandes.admon1@gmail.com,yes,,,,,,,,,,no,0.00,0,,no,running,no,,
'10141076881724,,,cristian199888@gmail.com,yes,,,,,,,,,,no,0.00,0,,no,running,no,,
'10141076914492,,,cristianaraujopantoja2@gmail.com,yes,,,,,,,,,,no,0.00,0,,no,running,no,,
'10141076947260,,,cristiancm11@hotmail.com,yes,,,,,,,,,,no,0.00,0,,no,running,no,,
'10141076980028,,,cristianovalentino1490@gmail.com,yes,,,,,,,,,,no,0.00,0,,no,running,no,,
'10141077012796,,,Cristianramirezarq@gmail.com,yes,,,,,,,,,,no,0.00,0,,no,running,no,,
'10141077045564,,,cristianramirezm89@gmail.com,yes,,,,,,,,,,no,0.00,0,,no,running,no,,
'10141077078332,,,cronos1828@hotmail.com,yes,,,,,,,,,,no,0.00,0,,no,running,no,,
'10141077111100,,,curia19@hotmail.com,yes,,,,,,,,,,no,0.00,0,,no,running,no,,
'10141077143868,,,dagalvis81@gmail.com,yes,,,,,,,,,,no,0.00,0,,no,running,no,,
'10141077176636,,,dalmazzo@gmail.com,yes,,,,,,,,,,no,0.00,0,,no,running,no,,
'10141077242172,,,dalvarado0509@gmail.com,yes,,,,,,,,,,no,0.00,0,,no,running,no,,
'10141077274940,,,danielareinagarcia1@gmail.com,yes,,,,,,,,,,no,0.00,0,,no,running,no,,
'10141077307708,,,danielfmd94@gmail.com,yes,,,,,,,,,,no,0.00,0,,no,running,no,,
'10141077340476,,,danielly.mb23@gmail.com,yes,,,,,,,,,,no,0.00,0,,no,running,no,,
'10141077373244,,,Danielsuescun@outlook.com,yes,,,,,,,,,,no,0.00,0,,no,running,no,,
'10141077406012,,,danikosadib@gmail.com,yes,,,,,,,,,,no,0.00,0,,no,running,no,,
'10141077438780,,,danimancera95@gmail.com,yes,,,,,,,,,,no,0.00,0,,no,running,no,,
'10141077471548,,,danna151620@gmail.com,yes,,,,,,,,,,no,0.00,0,,no,running,no,,
'10141077504316,,,dannalnm4126@gmail.com,yes,,,,,,,,,,no,0.00,0,,no,running,no,,
'10141077537084,,,david.florez@utp.edu.co,yes,,,,,,,,,,no,0.00,0,,no,running,no,,
'10141077569852,,,davidbustos0220@hotmail.com,yes,,,,,,,,,,no,0.00,0,,no,running,no,,
'10141077602620,,,davidfabianangulo71@gmail.com,yes,,,,,,,,,,no,0.00,0,,no,running,no,,
'10141077635388,,,Davilaherreramateo@gmail.com,yes,,,,,,,,,,no,0.00,0,,no,running,no,,
'10141077668156,,,davilamaryluz@gmail.com,yes,,,,,,,,,,no,0.00,0,,no,running,no,,
'10141077733692,,,dcorrea1102@gmail.com,yes,,,,,,,,,,no,0.00,0,,no,running,no,,
'10141077766460,,,di.veth2010@hotmail.com,yes,,,,,,,,,,no,0.00,0,,no,running,no,,
'10141077799228,,,diana.byron97@gmail.com,yes,,,,,,,,,,no,0.00,0,,no,running,no,,
'10141077831996,,,dianaagaleanoo@gmail.com,yes,,,,,,,,,,no,0.00,0,,no,running,no,,
'10141077864764,,,dianacharlottenavarroroa@gmail.com,yes,,,,,,,,,,no,0.00,0,,no,running,no,,
'10141077897532,,,dianacristina36@hotmail.com,yes,,,,,,,,,,no,0.00,0,,no,running,no,,
'10141077930300,,,dianamarcela.isaza@gmail.com,yes,,,,,,,,,,no,0.00,0,,no,running,no,,
'10141077963068,,,dianamrubio@gmail.com,yes,,,,,,,,,,no,0.00,0,,no,running,no,,
'10141077995836,,,dianapa.munozg@gmail.com,yes,,,,,,,,,,no,0.00,0,,no,running,no,,
'10141078028604,,,Dianaprieto25saldarriaga@gmail.com,yes,,,,,,,,,,no,0.00,0,,no,running,no,,
'10141078061372,,,diar42@hotmail.com,yes,,,,,,,,,,no,0.00,0,,no,running,no,,
'10141078094140,,,dibarco@hotmail.com,yes,,,,,,,,,,no,0.00,0,,no,running,no,,
'10141078126908,,,diego2012ok1996@hotmail.com,yes,,,,,,,,,,no,0.00,0,,no,running,no,,
'10141078159676,,,diegocardenassarmiento@gmail.com,yes,,,,,,,,,,no,0.00,0,,no,running,no,,
'10141078192444,,,diegoenrik@gmail.com,yes,,,,,,,,,,no,0.00,0,,no,running,no,,
'10141078225212,,,diegoespinosacasillas@gmail.com,yes,,,,,,,,,,no,0.00,0,,no,running,no,,
'10141078257980,,,Diegomuchacho517@gmail.com,yes,,,,,,,,,,no,0.00,0,,no,running,no,,
'10141078290748,,,diegozapata46@yahoo.es,yes,,,,,,,,,,no,0.00,0,,no,running,no,,
'10141078323516,,,dieshi2004@gmail.com,yes,,,,,,,,,,no,0.00,0,,no,running,no,,
'10141078356284,,,dracocurso93@gmail.com,yes,,,,,,,,,,no,0.00,0,,no,running,no,,
'10141078389052,,,earcilacardenas@gmail.com,yes,,,,,,,,,,no,0.00,0,,no,running,no,,
'10141078421820,,,edilmar19@hotmail.com,yes,,,,,,,,,,no,0.00,0,,no,running,no,,
'10141078454588,,,edsoncarlos.ec40@gmail.com,yes,,,,,,,,,,no,0.00,0,,no,running,no,,
'10141078487356,,,eduardmauriciomorales@gmail.com,yes,,,,,,,,,,no,0.00,0,,no,running,no,,
'10141078520124,,,eduorozm@gmail.com,yes,,,,,,,,,,no,0.00,0,,no,running,no,,
'10141078552892,,,edward.abuelo07@gmail.com,yes,,,,,,,,,,no,0.00,0,,no,running,no,,
'10141078585660,,,edwinci252@gmail.com,yes,,,,,,,,,,no,0.00,0,,no,running,no,,
'10141078651196,,,Elianacardonarios@gmail.com,yes,,,,,,,,,,no,0.00,0,,no,running,no,,
'10141078716732,,,eliceoacevedo2009@hotmail.com,yes,,,,,,,,,,no,0.00,0,,no,running,no,,
'10141078749500,,,eliceoacevedo2023@hotmail.com,yes,,,,,,,,,,no,0.00,0,,no,running,no,,
'10141078782268,,,elicoflo1986@hotmail.com,yes,,,,,,,,,,no,0.00,0,,no,running,no,,
'10141078815036,,,elprimohidalgo2009@gmail.com,yes,,,,,,,,,,no,0.00,0,,no,running,no,,
'10141078847804,,,elrh22@gmail.com,yes,,,,,,,,,,no,0.00,0,,no,running,no,,
'10141078880572,,,elsymartinezc@gmail.com,yes,,,,,,,,,,no,0.00,0,,no,running,no,,
'10141078913340,,,erikacastro.csp@gmail.com,yes,,,,,,,,,,no,0.00,0,,no,running,no,,
'10141078946108,,,erikamariacanoperez@gmail.com,yes,,,,,,,,,,no,0.00,0,,no,running,no,,
'10141078978876,,,espejismoAPG@yahoo.com,yes,,,,,,,,,,no,0.00,0,,no,running,no,,
'10141079011644,,,estebanhevs@gmail.com,yes,,,,,,,,,,no,0.00,0,,no,running,no,,
'10141079044412,,,Estefa.20.rojas@gmail.com,yes,,,,,,,,,,no,0.00,0,,no,running,no,,
'10141079077180,,,fabertunin@hotmail.com,yes,,,,,,,,,,no,0.00,0,,no,running,no,,
'10141079109948,,,fabianandres7730@hotmail.com,yes,,,,,,,,,,no,0.00,0,,no,running,no,,
'10141079142716,,,fabiangonzalezavila@gmail.com,yes,,,,,,,,,,no,0.00,0,,no,running,no,,
'10141079175484,,,fabiansantafe@live.com,yes,,,,,,,,,,no,0.00,0,,no,running,no,,
'10141079208252,,,fabio39m@gmail.com,yes,,,,,,,,,,no,0.00,0,,no,running,no,,
'10141079241020,,,faisury.593@hotmail.com,yes,,,,,,,,,,no,0.00,0,,no,running,no,,
'10141079273788,,,felipezapatavega@gmail.com,yes,,,,,,,,,,no,0.00,0,,no,running,no,,
'10141079306556,,,Felquinra@gmail.com,yes,,,,,,,,,,no,0.00,0,,no,running,no,,
'10141079339324,,,felsaldarriaga@gmail.com,yes,,,,,,,,,,no,0.00,0,,no,running,no,,
'10141079372092,,,felxsanz@gmail.com,yes,,,,,,,,,,no,0.00,0,,no,running,no,,
'10141079404860,,,fercho.leo.fc@gmail.com,yes,,,,,,,,,,no,0.00,0,,no,running,no,,
'10141079437628,,,fernandoaguirre.inn@gmail.com,yes,,,,,,,,,,no,0.00,0,,no,running,no,,
'10141079470396,,,fpastrana1998@gmail.com,yes,,,,,,,,,,no,0.00,0,,no,running,no,,
'10141079503164,,,Fralex22@hotmail.com,yes,,,,,,,,,,no,0.00,0,,no,running,no,,
'10141079568700,,,Franciscomesa926@hotmail.com,yes,,,,,,,,,,no,0.00,0,,no,running,no,,
'10141079601468,,,fred.castillo@gmail.com,yes,,,,,,,,,,no,0.00,0,,no,running,no,,
'10141079634236,,,Freizon2091@gmail.com,yes,,,,,,,,,,no,0.00,0,,no,running,no,,
'10141079667004,,,Frliliana@hotmail.com,yes,,,,,,,,,,no,0.00,0,,no,running,no,,
'10141079699772,,,fundasiaq@gmail.com,yes,,,,,,,,,,no,0.00,0,,no,running,no,,
'10141079732540,,,Galarzamejialeonardoalfonso@gmail.com,yes,,,,,,,,,,no,0.00,0,,no,running,no,,
'10141079765308,,,garciaboteroangelicamaria@gmail.com,yes,,,,,,,,,,no,0.00,0,,no,running,no,,
'10141079798076,,,garciacarol1518@gmail.com,yes,,,,,,,,,,no,0.00,0,,no,running,no,,
'10141079830844,,,Garciaisabella316@gmail.com,yes,,,,,,,,,,no,0.00,0,,no,running,no,,
'10141079863612,,,garciajohan1897@gmail.com,yes,,,,,,,,,,no,0.00,0,,no,running,no,,
'10141079929148,,,gatofasb@gmail.com,yes,,,,,,,,,,no,0.00,0,,no,running,no,,
'10141079961916,,,gemoto0922@gmail.com,yes,,,,,,,,,,no,0.00,0,,no,running,no,,
'10141079994684,,,georecursoshumanos@gmail.com,yes,,,,,,,,,,no,0.00,0,,no,running,no,,
'10141080027452,,,georgehurtc3.m@gmail.com,yes,,,,,,,,,,no,0.00,0,,no,running,no,,
'10141080060220,,,geralmneses@gmail.com,yes,,,,,,,,,,no,0.00,0,,no,running,no,,
'10141080092988,,,gestiondocumentalcrediandes@gmail.com,yes,,,,,,,,,,no,0.00,0,,no,running,no,,
'10141080125756,,,ggiraldog@argos.com.co,yes,,,,,,,,,,no,0.00,0,,no,running,no,,
'10141080158524,,,ghealth.tri@gmail.com,yes,,,,,,,,,,no,0.00,0,,no,running,no,,
'10141080191292,,,giovarimu@hotmail.com,yes,,,,,,,,,,no,0.00,0,,no,running,no,,
'10141080224060,,,giraldoluigy688@gmail.com,yes,,,,,,,,,,no,0.00,0,,no,running,no,,
'10141080256828,,,gjuanchu@hotmail.com,yes,,,,,,,,,,no,0.00,0,,no,running,no,,
'10141080289596,,,gladys_martinez83@hotmail.com,yes,,,,,,,,,,no,0.00,0,,no,running,no,,
'10141080322364,,,globenagus13@gmail.com,yes,,,,,,,,,,no,0.00,0,,no,running,no,,
'10141080355132,,,gonzalesmilena329@gmail.com,yes,,,,,,,,,,no,0.00,0,,no,running,no,,
'10141080387900,,,gonzo8125@hotmail.com,yes,,,,,,,,,,no,0.00,0,,no,running,no,,
'10141080420668,,,goryuh60l@gmail.com,yes,,,,,,,,,,no,0.00,0,,no,running,no,,
'10141080453436,,,grimaldoscarodiego@gmail.com,yes,,,,,,,,,,no,0.00,0,,no,running,no,,
'10141080486204,,,gymrockhouse@gmail.com,yes,,,,,,,,,,no,0.00,0,,no,running,no,,
'10141080518972,,,h.k.1023@hotmail.com,yes,,,,,,,,,,no,0.00,0,,no,running,no,,
'10141080551740,,,handreosorio@hotmail.com,yes,,,,,,,,,,no,0.00,0,,no,running,no,,
'10141080584508,,,hannapardo2407@gmail.com,yes,,,,,,,,,,no,0.00,0,,no,running,no,,
'10141080650044,,,Happivalles@hotmail.com,yes,,,,,,,,,,no,0.00,0,,no,running,no,,
'10141080682812,,,healmartinez@utp.edu.co,yes,,,,,,,,,,no,0.00,0,,no,running,no,,
'10141080715580,,,hechoparacorrer1821@gmail.com,yes,,,,,,,,,,no,0.00,0,,no,running,no,,
'10141080748348,,,heinercc108@gmail.com,yes,,,,,,,,,,no,0.00,0,,no,running,no,,
'10141080781116,,,henaoheber133@gmail.com,yes,,,,,,,,,,no,0.00,0,,no,running,no,,
'10141080813884,,,henry.atleta@hotmail.com,yes,,,,,,,,,,no,0.00,0,,no,running,no,,
'10141080846652,,,herreraossa@gmail.com,yes,,,,,,,,,,no,0.00,0,,no,running,no,,
'10141080879420,,,hfpereza@gmail.com,yes,,,,,,,,,,no,0.00,0,,no,running,no,,
'10141080944956,,,hugocobo10@hotmail.com,yes,,,,,,,,,,no,0.00,0,,no,running,no,,
'10141080977724,,,Hugomate1980@gmail.com,yes,,,,,,,,,,no,0.00,0,,no,running,no,,
'10141081010492,,,ing.jefersonagudelo26@gmail.com,yes,,,,,,,,,,no,0.00,0,,no,running,no,,
'10141081043260,,,ingueco@hotmail.com,yes,,,,,,,,,,no,0.00,0,,no,running,no,,
'10141081076028,,,irmarociolopez@yahoo.com,yes,,,,,,,,,,no,0.00,0,,no,running,no,,
'10141081108796,,,ivanmauriciomc@gmail.com,yes,,,,,,,,,,no,0.00,0,,no,running,no,,
'10141081141564,,,J.davidcastanedamar@gmail.com,yes,,,,,,,,,,no,0.00,0,,no,running,no,,
'10141081174332,,,jadurang@uqvirtul.edu.co,yes,,,,,,,,,,no,0.00,0,,no,running,no,,
'10141081207100,,,jairopg13@gmail.com,yes,,,,,,,,,,no,0.00,0,,no,running,no,,
'10141081239868,,,jalexanderdulcey@gmail.com,yes,,,,,,,,,,no,0.00,0,,no,running,no,,
'10141081272636,,,Jandres087@hotmail.com,yes,,,,,,,,,,no,0.00,0,,no,running,no,,
'10141081338172,,,Jandrw1@hotmail.com,yes,,,,,,,,,,no,0.00,0,,no,running,no,,
'10141081370940,,,janiermalavera9@gmail.com,yes,,,,,,,,,,no,0.00,0,,no,running,no,,
'10141081403708,,,Jaosoriob@uniquindio.edu.co,yes,,,,,,,,,,no,0.00,0,,no,running,no,,
'10141081436476,,,jars1021@gmail.com,yes,,,,,,,,,,no,0.00,0,,no,running,no,,
'10141081469244,,,javierbedoyaromero@gmail.com,yes,,,,,,,,,,no,0.00,0,,no,running,no,,
'10141081502012,,,javiere.ramosb@uqvirtual.edu.co,yes,,,,,,,,,,no,0.00,0,,no,running,no,,
'10141081534780,,,javierleon.velez@gmail.com,yes,,,,,,,,,,no,0.00,0,,no,running,no,,
'10141081567548,,,Javierymateolosamo@hotmail.com,yes,,,,,,,,,,no,0.00,0,,no,running,no,,
'10141081600316,,,jdarwinerazo@icloud.com,yes,,,,,,,,,,no,0.00,0,,no,running,no,,
'10141081633084,,,Jdduqueosorio@gmail.com,yes,,,,,,,,,,no,0.00,0,,no,running,no,,
'10141081665852,,,jdgm2089@live.com.ar,yes,,,,,,,,,,no,0.00,0,,no,running,no,,
'10141081698620,,,jeayala@uniquindio.edu.co,yes,,,,,,,,,,no,0.00,0,,no,running,no,,
'10141081731388,,,Jefren101010@hotmail.com,yes,,,,,,,,,,no,0.00,0,,no,running,no,,
'10141081764156,,,Jeisonpatino@outlook.com,yes,,,,,,,,,,no,0.00,0,,no,running,no,,
'10141081796924,,,jeissonamt24@hotmail.com,yes,,,,,,,,,,no,0.00,0,,no,running,no,,
'10141081829692,,,jennifercelis1306@gmail.com,yes,,,,,,,,,,no,0.00,0,,no,running,no,,
'10141081862460,,,jennyale888@hotmail.com,yes,,,,,,,,,,no,0.00,0,,no,running,no,,
'10141081895228,,,jennyreyv@gmail.com,yes,,,,,,,,,,no,0.00,0,,no,running,no,,
'10141081927996,,,jennytramirez@gmail.com,yes,,,,,,,,,,no,0.00,0,,no,running,no,,
'10141081960764,,,jenyposa4@gmail.com,yes,,,,,,,,,,no,0.00,0,,no,running,no,,
'10141081993532,,,Jessica.hdezbeltran@gmail.com,yes,,,,,,,,,,no,0.00,0,,no,running,no,,
'10141082026300,,,jessigiral95@gmail.com,yes,,,,,,,,,,no,0.00,0,,no,running,no,,
'10141082059068,,,Jessik-vargas@hotmail.com,yes,,,,,,,,,,no,0.00,0,,no,running,no,,
'10141082091836,,,jesusgarcia4827@gmail.com,yes,,,,,,,,,,no,0.00,0,,no,running,no,,
'10141082124604,,,jflozanoisa@hotmail.com,yes,,,,,,,,,,no,0.00,0,,no,running,no,,
'10141082157372,,,jg.orozcomona@gmail.com,yes,,,,,,,,,,no,0.00,0,,no,running,no,,
'10141082190140,,,jhanboca10@gmail.com,yes,,,,,,,,,,no,0.00,0,,no,running,no,,
'10141082222908,,,Jharams310@gmail.com,yes,,,,,,,,,,no,0.00,0,,no,running,no,,
'10141082255676,,,jheissonruiz1999@gmail.com,yes,,,,,,,,,,no,0.00,0,,no,running,no,,
'10141082288444,,,jhoana.angulo@gmail.com,yes,,,,,,,,,,no,0.00,0,,no,running,no,,
'10141082321212,,,Jhogil@hotmail.com,yes,,,,,,,,,,no,0.00,0,,no,running,no,,
'10141082353980,,,jhonalesuarez@gmail.com,yes,,,,,,,,,,no,0.00,0,,no,running,no,,
'10141082386748,,,jhonalexurmo@gmail.com,yes,,,,,,,,,,no,0.00,0,,no,running,no,,
'10141082419516,,,jhonatancsz07@gmail.com,yes,,,,,,,,,,no,0.00,0,,no,running,no,,
'10141082452284,,,jhonceballos2285@gmail.com,yes,,,,,,,,,,no,0.00,0,,no,running,no,,
'10141082485052,,,Jhoneduargiraldoramirez25@gmail.com,yes,,,,,,,,,,no,0.00,0,,no,running,no,,
'10141082517820,,,Jhonjarl10.jr@gmail.com,yes,,,,,,,,,,no,0.00,0,,no,running,no,,
'10141082550588,,,Jhosent_torres@hotmail.com,yes,,,,,,,,,,no,0.00,0,,no,running,no,,
'10141082583356,,,jimenez.alvarez.nicolas1@gmail.com,yes,,,,,,,,,,no,0.00,0,,no,running,no,,
'10141082616124,,,jipa11208@gmail.com,yes,,,,,,,,,,no,0.00,0,,no,running,no,,
'10141082648892,,,jjduranmolina@hotmail.com,yes,,,,,,,,,,no,0.00,0,,no,running,no,,
'10141082681660,,,jnatibu@gmail.com,yes,,,,,,,,,,no,0.00,0,,no,running,no,,
'10141082714428,,,Joanma77@gmail.com,yes,,,,,,,,,,no,0.00,0,,no,running,no,,
'10141082747196,,,joansebastiandi@gmail.com,yes,,,,,,,,,,no,0.00,0,,no,running,no,,
'10141082779964,,,joel.lopez_95@hotmail.com,yes,,,,,,,,,,no,0.00,0,,no,running,no,,
'10141082812732,,,Johanaagudelo13@gmail.com,yes,,,,,,,,,,no,0.00,0,,no,running,no,,
'10141082845500,,,Johanaaraque033@gmail.com,yes,,,,,,,,,,no,0.00,0,,no,running,no,,
'10141082878268,,,johanafgalindo@hotmail.es,yes,,,,,,,,,,no,0.00,0,,no,running,no,,
'10141082911036,,,johanagm1996@hotmail.com,yes,,,,,,,,,,no,0.00,0,,no,running,no,,
'10141082943804,,,Johannabotero1990@hotmail.com,yes,,,,,,,,,,no,0.00,0,,no,running,no,,
'10141083042108,,,johnmoar72@gmail.com,yes,,,,,,,,,,no,0.00,0,,no,running,no,,
'10141083107644,,,johnmorenomx@hotmail.com,yes,,,,,,,,,,no,0.00,0,,no,running,no,,
'10141083140412,,,jolanyrada888@gmail.com,yes,,,,,,,,,,no,0.00,0,,no,running,no,,
'10141083173180,,,jomajeca@yahoo.com,yes,,,,,,,,,,no,0.00,0,,no,running,no,,
'10141083205948,,,jomc5697@gmail.com,yes,,,,,,,,,,no,0.00,0,,no,running,no,,
'10141083271484,,,jonatanolartesanchez@gmail.com,yes,,,,,,,,,,no,0.00,0,,no,running,no,,
'10141083304252,,,jorgebuitragosst@gmail.com,yes,,,,,,,,,,no,0.00,0,,no,running,no,,
'10141083337020,,,jorgedgrafico89@gmail.com,yes,,,,,,,,,,no,0.00,0,,no,running,no,,
'10141083402556,,,jorgehcortex@gmail.com,yes,,,,,,,,,,no,0.00,0,,no,running,no,,
'10141083435324,,,Josejairomorenoducuara870@gmail.com,yes,,,,,,,,,,no,0.00,0,,no,running,no,,
'10141083468092,,,Jpabloruiz2009@gmail.com,yes,,,,,,,,,,no,0.00,0,,no,running,no,,
'10141083500860,,,Jparchitecture97@gmail.com,yes,,,,,,,,,,no,0.00,0,,no,running,no,,
'10141083533628,,,jparicapa26@gmail.com,yes,,,,,,,,,,no,0.00,0,,no,running,no,,
'10141083566396,,,jrodrigor08@gmail.com,yes,,,,,,,,,,no,0.00,0,,no,running,no,,
'10141083599164,,,jsmontoya@outlook.com,yes,,,,,,,,,,no,0.00,0,,no,running,no,,
'10141083697468,,,Juan071029@gmail.com,yes,,,,,,,,,,no,0.00,0,,no,running,no,,
'10141083730236,,,Juancamilo241998@hotmail.com,yes,,,,,,,,,,no,0.00,0,,no,running,no,,
'10141083763004,,,juancamilobeltran28@gmail.com,yes,,,,,,,,,,no,0.00,0,,no,running,no,,
'10141083795772,,,juanchodiaz200520@gmail.com,yes,,,,,,,,,,no,0.00,0,,no,running,no,,
'10141083828540,,,juand.tabaresr@uqvirtual.edu.co,yes,,,,,,,,,,no,0.00,0,,no,running,no,,
'10141083861308,,,juandavidcandanozagarizabalo@gmail.com,yes,,,,,,,,,,no,0.00,0,,no,running,no,,
'10141083926844,,,juandavidtaresramirez26@gmail.com,yes,,,,,,,,,,no,0.00,0,,no,running,no,,
'10141083959612,,,Juanene30@gmail.com,yes,,,,,,,,,,no,0.00,0,,no,running,no,,
'10141083992380,,,juanestebanrruiz@gmail.com,yes,,,,,,,,,,no,0.00,0,,no,running,no,,
'10141084025148,,,juanfgonzaga5@gmail.com,yes,,,,,,,,,,no,0.00,0,,no,running,no,,
'10141084057916,,,Juanfranciscotoroaraque@gmail.com,yes,,,,,,,,,,no,0.00,0,,no,running,no,,
'10141084090684,,,juangero221090@gmail.com,yes,,,,,,,,,,no,0.00,0,,no,running,no,,
'10141084156220,,,juanmabavez@gmail.com,yes,,,,,,,,,,no,0.00,0,,no,running,no,,
'10141084188988,,,juanmleon.bk@gmail.com,yes,,,,,,,,,,no,0.00,0,,no,running,no,,
'10141084221756,,,Juanmontoya1587@gmail.com,yes,,,,,,,,,,no,0.00,0,,no,running,no,,
'10141084254524,,,juanpadanig@gmail.com,yes,,,,,,,,,,no,0.00,0,,no,running,no,,
'10141084287292,,,juansegaray87@gmail.com,yes,,,,,,,,,,no,0.00,0,,no,running,no,,
'10141084352828,,,juantapasco1991@gmail.com,yes,,,,,,,,,,no,0.00,0,,no,running,no,,
'10141084385596,,,jucgv69@gmail.com,yes,,,,,,,,,,no,0.00,0,,no,running,no,,
'10141084418364,,,juli_jass@hotmail.com,yes,,,,,,,,,,no,0.00,0,,no,running,no,,
'10141084451132,,,julian09426@gmail.com,yes,,,,,,,,,,no,0.00,0,,no,running,no,,
'10141084516668,,,Julian390@hotmail.com,yes,,,,,,,,,,no,0.00,0,,no,running,no,,
'10141084549436,,,Juliana-2811@hotmail.com,yes,,,,,,,,,,no,0.00,0,,no,running,no,,
'10141084582204,,,julianamaria94@hotmail.com,yes,,,,,,,,,,no,0.00,0,,no,running,no,,
'10141084614972,,,Julianarleymartinez.jm@gmail.com,yes,,,,,,,,,,no,0.00,0,,no,running,no,,
'10141084713276,,,Julianasofis27@hotmail.es,yes,,,,,,,,,,no,0.00,0,,no,running,no,,
'10141084746044,,,juliang5613@gmail.com,yes,,,,,,,,,,no,0.00,0,,no,running,no,,
'10141084778812,,,julianm0610@hotmail.com,yes,,,,,,,,,,no,0.00,0,,no,running,no,,
'10141084811580,,,Julianrodrol@gmail.com,yes,,,,,,,,,,no,0.00,0,,no,running,no,,
'10141084877116,,,juliguaro99@hotmail.com,yes,,,,,,,,,,no,0.00,0,,no,running,no,,
'10141084909884,,,juliivalencia0@gmail.com,yes,,,,,,,,,,no,0.00,0,,no,running,no,,
'10141084942652,,,julilopez_06@hotmail.com,yes,,,,,,,,,,no,0.00,0,,no,running,no,,
'10141084975420,,,Juliobenavides2001@gmail.com,yes,,,,,,,,,,no,0.00,0,,no,running,no,,
'10141085040956,,,julym.sanchezm@hotmail.com,yes,,,,,,,,,,no,0.00,0,,no,running,no,,
'10141085106492,,,jusabogalrincon@gmail.com,yes,,,,,,,,,,no,0.00,0,,no,running,no,,
'10141085139260,,,k2mar.n@gmail.com,yes,,,,,,,,,,no,0.00,0,,no,running,no,,
'10141085204796,,,K9margarira@gmail.com,yes,,,,,,,,,,no,0.00,0,,no,running,no,,
'10141085237564,,,karendpelaez@hotmail.com,yes,,,,,,,,,,no,0.00,0,,no,running,no,,
'10141085270332,,,karitoqm123@gmail.com,yes,,,,,,,,,,no,0.00,0,,no,running,no,,
'10141085303100,,,karlopez123@hotmail.com,yes,,,,,,,,,,no,0.00,0,,no,running,no,,
'10141085335868,,,katheibarra0418@gmail.com,yes,,,,,,,,,,no,0.00,0,,no,running,no,,
'10141085401404,,,katherine.calderon@correounivalle.edu.co,yes,,,,,,,,,,no,0.00,0,,no,running,no,,
'10141085434172,,,katheringrozoguzman@gmail.com,yes,,,,,,,,,,no,0.00,0,,no,running,no,,
'10141085466940,,,katherondon.1990.666@gmail.com,yes,,,,,,,,,,no,0.00,0,,no,running,no,,
'10141085499708,,,kcardonagcia@gmail.com,yes,,,,,,,,,,no,0.00,0,,no,running,no,,
'10141085532476,,,kenaajahoo1937@gmail.com,yes,,,,,,,,,,no,0.00,0,,no,running,no,,
'10141085598012,,,kike241079@yahoo.com,yes,,,,,,,,,,no,0.00,0,,no,running,no,,
'10141085630780,,,kiketorres.ph@gmail.com,yes,,,,,,,,,,no,0.00,0,,no,running,no,,
'10141085663548,,,Kimberlylondono20@gmail.com,yes,,,,,,,,,,no,0.00,0,,no,running,no,,
'10141085696316,,,krlsxx@hotmail.com,yes,,,,,,,,,,no,0.00,0,,no,running,no,,
'10141085729084,,,Ktrine16-07@hotmail.com,yes,,,,,,,,,,no,0.00,0,,no,running,no,,
'10141085794620,,,Laboyana82@gmail.com,yes,,,,,,,,,,no,0.00,0,,no,running,no,,
'10141085827388,,,Ladydianaarizacardona9@gmail.com,yes,,,,,,,,,,no,0.00,0,,no,running,no,,
'10141085860156,,,lalisgarcia17@hotmail.com,yes,,,,,,,,,,no,0.00,0,,no,running,no,,
'10141085892924,,,lamigiho@gmail.com,yes,,,,,,,,,,no,0.00,0,,no,running,no,,
'10141085958460,,,landrescelisp@gmail.com,yes,,,,,,,,,,no,0.00,0,,no,running,no,,
'10141086023996,,,larao9309@hotmail.com,yes,,,,,,,,,,no,0.00,0,,no,running,no,,
'10141086056764,,,laucafe2020@hotmail.com,yes,,,,,,,,,,no,0.00,0,,no,running,no,,
'10141086089532,,,laura.l0205@outlook.com,yes,,,,,,,,,,no,0.00,0,,no,running,no,,
'10141086122300,,,Lauraecheverri524@gmail.com,yes,,,,,,,,,,no,0.00,0,,no,running,no,,
'10141086155068,,,lauramcortes27@gmail.com,yes,,,,,,,,,,no,0.00,0,,no,running,no,,
'10141086220604,,,Laurasaa2007@hotmail.com,yes,,,,,,,,,,no,0.00,0,,no,running,no,,
'10141086253372,,,laurasofiabuenoduque@hotmail.com,yes,,,,,,,,,,no,0.00,0,,no,running,no,,
'10141086286140,,,lauravc1984@gmail.com,yes,,,,,,,,,,no,0.00,0,,no,running,no,,
'10141086318908,,,laurenz.hsisbaoa@gmail.com,yes,,,,,,,,,,no,0.00,0,,no,running,no,,
'10141086351676,,,lauritaagudeloyara@gmail.com,yes,,,,,,,,,,no,0.00,0,,no,running,no,,
'10141086417212,,,lavidaesbella834@gmail.com,yes,,,,,,,,,,no,0.00,0,,no,running,no,,
'10141086482748,,,lcbg.0307@gmail.com,yes,,,,,,,,,,no,0.00,0,,no,running,no,,
'10141086515516,,,leidy.trujillo0402@gmail.com,yes,,,,,,,,,,no,0.00,0,,no,running,no,,
'10141086548284,,,leidy7g7@gmail.com,yes,,,,,,,,,,no,0.00,0,,no,running,no,,
'10141086581052,,,leidygarciaramirez07@gmail.com,yes,,,,,,,,,,no,0.00,0,,no,running,no,,
'10141086613820,,,leidytorres925@gmail.com,yes,,,,,,,,,,no,0.00,0,,no,running,no,,
'10141086679356,,,leidyy824@gmail.com,yes,,,,,,,,,,no,0.00,0,,no,running,no,,
'10141086712124,,,lejoa801@gmail.com,yes,,,,,,,,,,no,0.00,0,,no,running,no,,
'10141086744892,,,leonardoalvarezlopez@hotmail.com,yes,,,,,,,,,,no,0.00,0,,no,running,no,,
'10141086777660,,,leonardoandresvieda@gmail.com,yes,,,,,,,,,,no,0.00,0,,no,running,no,,
'10141086810428,,,lewis2295@hotmail.com,yes,,,,,,,,,,no,0.00,0,,no,running,no,,
'10141086843196,,,lidysmunoz16@gmail.com,yes,,,,,,,,,,no,0.00,0,,no,running,no,,
'10141086875964,,,liliko2005@hotmail.com,yes,,,,,,,,,,no,0.00,0,,no,running,no,,
'10141086941500,,,limagidu73@gmail.com,yes,,,,,,,,,,no,0.00,0,,no,running,no,,
'10141086974268,,,lina.chaves98@gmail.com,yes,,,,,,,,,,no,0.00,0,,no,running,no,,
'10141087007036,,,linajv@hotmail.com,yes,,,,,,,,,,no,0.00,0,,no,running,no,,
'10141087039804,,,linamro22@hotmail.com,yes,,,,,,,,,,no,0.00,0,,no,running,no,,
'10141087105340,,,Linytaramirez@gmail.com,yes,,,,,,,,,,no,0.00,0,,no,running,no,,
'10141087138108,,,lisleandravillabedoya@gmail.com,yes,,,,,,,,,,no,0.00,0,,no,running,no,,
'10141087170876,,,lissetsoyjohana96@hotmail.com,yes,,,,,,,,,,no,0.00,0,,no,running,no,,
'10141087203644,,,lmartamaria443@gmail.com,yes,,,,,,,,,,no,0.00,0,,no,running,no,,
'10141087236412,,,lmejia1023@cue.edu.co,yes,,,,,,,,,,no,0.00,0,,no,running,no,,
'10141087301948,,,lmsabogal26@gmail.com,yes,,,,,,,,,,no,0.00,0,,no,running,no,,
'10141087334716,,,lmvelasquer@uqvirtual.edu.co,yes,,,,,,,,,,no,0.00,0,,no,running,no,,
'10141087367484,,,lmvelasquezr@uqvirtual.edu.co,yes,,,,,,,,,,no,0.00,0,,no,running,no,,
'10141087400252,,,Londonoguillermo189@gmail.com,yes,,,,,,,,,,no,0.00,0,,no,running,no,,
'10141087433020,,,Lopera.sebastian@hotmail.com,yes,,,,,,,,,,no,0.00,0,,no,running,no,,
'10141087465788,,,lopezjuradoluisalfonso@gmail.com,yes,,,,,,,,,,no,0.00,0,,no,running,no,,
'10141087498556,,,lorenaolarte518@gmail.com,yes,,,,,,,,,,no,0.00,0,,no,running,no,,
'10141087531324,,,lorenasanty_01@hotmail.com,yes,,,,,,,,,,no,0.00,0,,no,running,no,,
'10141087564092,,,Losdelsur18@hotmail.com,yes,,,,,,,,,,no,0.00,0,,no,running,no,,
'10141087596860,,,Lozanosebastian461@gmail.com,yes,,,,,,,,,,no,0.00,0,,no,running,no,,
'10141087629628,,,lptoroarias@gmail.com,yes,,,,,,,,,,no,0.00,0,,no,running,no,,
'10141087695164,,,lpulido.flyinn@gmail.com,yes,,,,,,,,,,no,0.00,0,,no,running,no,,
'10141087727932,,,lpvanegas18@hotmail.com,yes,,,,,,,,,,no,0.00,0,,no,running,no,,
'10141087760700,,,luangaro10@gmail.com,yes,,,,,,,,,,no,0.00,0,,no,running,no,,
'10141087793468,,,lucaalos1992@gmail.com,yes,,,,,,,,,,no,0.00,0,,no,running,no,,
'10141087826236,,,Lui03_14@Hotmail.com,yes,,,,,,,,,,no,0.00,0,,no,running,no,,
'10141087859004,,,luisaospinavigoya@gmail.com,yes,,,,,,,,,,no,0.00,0,,no,running,no,,
'10141087891772,,,Luisaperapop@gmail.com,yes,,,,,,,,,,no,0.00,0,,no,running,no,,
'10141087924540,,,luishernanvillegas1972@yahoo.es,yes,,,,,,,,,,no,0.00,0,,no,running,no,,
'10141087957308,,,Lunaariasandres@gmail.com,yes,,,,,,,,,,no,0.00,0,,no,running,no,,
'10141087990076,,,luz.a77@hotmail.com,yes,,,,,,,,,,no,0.00,0,,no,running,no,,
'10141088022844,,,luza7218@hotmail.com,yes,,,,,,,,,,no,0.00,0,,no,running,no,,
'10141088055612,,,luzadrianaftp@gmail.com,yes,,,,,,,,,,no,0.00,0,,no,running,no,,
'10141088088380,,,luzpatriciagarciaarbelaez@gmail.com,yes,,,,,,,,,,no,0.00,0,,no,running,no,,
'10141088121148,,,lvalenciaa21@gmail.com,yes,,,,,,,,,,no,0.00,0,,no,running,no,,
'10141088153916,,,lvgarcia.18@hotmail.com,yes,,,,,,,,,,no,0.00,0,,no,running,no,,
'10141088186684,,,lvrc4888@gmail.com,yes,,,,,,,,,,no,0.00,0,,no,running,no,,
'10141088219452,,,macdaz07@gmail.com,yes,,,,,,,,,,no,0.00,0,,no,running,no,,
'10141088252220,,,mafalda0284@gmail.com,yes,,,,,,,,,,no,0.00,0,,no,running,no,,
'10141088317756,,,Maggytebe@gmail.com,yes,,,,,,,,,,no,0.00,0,,no,running,no,,
'10141088350524,,,magnena@gmail.com,yes,,,,,,,,,,no,0.00,0,,no,running,no,,
'10141088416060,,,mahoyoso18@gmail.com,yes,,,,,,,,,,no,0.00,0,,no,running,no,,
'10141088448828,,,majocardenastorres2004@gmail.com,yes,,,,,,,,,,no,0.00,0,,no,running,no,,
'10141088481596,,,Maliafer10@gmail.com,yes,,,,,,,,,,no,0.00,0,,no,running,no,,
'10141088514364,,,malogu76@gmail.com,yes,,,,,,,,,,no,0.00,0,,no,running,no,,
'10141088547132,,,manuaves@gmail.com,yes,,,,,,,,,,no,0.00,0,,no,running,no,,
'10141088579900,,,manuellopez182002@gmail.com,yes,,,,,,,,,,no,0.00,0,,no,running,no,,
'10141088612668,,,manuelrios2626@gmail.com,yes,,,,,,,,,,no,0.00,0,,no,running,no,,
'10141088645436,,,maogarh@hotmail.com,yes,,,,,,,,,,no,0.00,0,,no,running,no,,
'10141088678204,,,maomao22_5@hotmail.com,yes,,,,,,,,,,no,0.00,0,,no,running,no,,
'10141088710972,,,mapava22@hotmail.com,yes,,,,,,,,,,no,0.00,0,,no,running,no,,
'10141088743740,,,Marcalderonreyes@gmail.com,yes,,,,,,,,,,no,0.00,0,,no,running,no,,
'10141088776508,,,Marcelaerazogiraldo@gmail.com,yes,,,,,,,,,,no,0.00,0,,no,running,no,,
'10141088809276,,,Marcosrivera1675@gmail.com,yes,,,,,,,,,,no,0.00,0,,no,running,no,,
'10141088842044,,,margrisales@ensq.edu.co,yes,,,,,,,,,,no,0.00,0,,no,running,no,,
'10141088874812,,,Mariabrito2492@gmail.com,yes,,,,,,,,,,no,0.00,0,,no,running,no,,
'10141088940348,,,mariacamila.ah24@gmail.com,yes,,,,,,,,,,no,0.00,0,,no,running,no,,
'10141089005884,,,mariafernadez452@hotmail.com,yes,,,,,,,,,,no,0.00,0,,no,running,no,,
'10141089071420,,,mariafernandagomezc@gmail.com,yes,,,,,,,,,,no,0.00,0,,no,running,no,,
'10141089104188,,,mariajos_cortes@hotmail.com,yes,,,,,,,,,,no,0.00,0,,no,running,no,,
'10141089136956,,,mariamagdalenaov97@hotmail.com,yes,,,,,,,,,,no,0.00,0,,no,running,no,,
'10141089169724,,,mariamercedesqa1989@gmail.com,yes,,,,,,,,,,no,0.00,0,,no,running,no,,
'10141089202492,,,Maria-mfranco@hotmail.com,yes,,,,,,,,,,no,0.00,0,,no,running,no,,
'10141089235260,,,mariangelica.1988@hotmail.com,yes,,,,,,,,,,no,0.00,0,,no,running,no,,
'10141089268028,,,mariapcubidesr@gmail.com,yes,,,,,,,,,,no,0.00,0,,no,running,no,,
'10141089300796,,,mariatmeneses@gmail.com,yes,,,,,,,,,,no,0.00,0,,no,running,no,,
'10141089333564,,,marijo6630@gmail.com,yes,,,,,,,,,,no,0.00,0,,no,running,no,,
'10141089366332,,,mariovelez1225@gmail.com,yes,,,,,,,,,,no,0.00,0,,no,running,no,,
'10141089399100,,,mariovelez1225@hotmail.com,yes,,,,,,,,,,no,0.00,0,,no,running,no,,
'10141089431868,,,maripauacso@gmail.com,yes,,,,,,,,,,no,0.00,0,,no,running,no,,
'10141089464636,,,marllyandrea@gmail.com,yes,,,,,,,,,,no,0.00,0,,no,running,no,,
'10141089497404,,,marticarodriguez05@gmail.com,yes,,,,,,,,,,no,0.00,0,,no,running,no,,
'10141089530172,,,martinez03mauricio03@gmail.com,yes,,,,,,,,,,no,0.00,0,,no,running,no,,
'10141089562940,,,mathias112722@gmail.com,yes,,,,,,,,,,no,0.00,0,,no,running,no,,
'10141089628476,,,Mauricio.bedoyatv@gmail.com,yes,,,,,,,,,,no,0.00,0,,no,running,no,,
'10141089661244,,,mayrabenitez2303@gmail.com,yes,,,,,,,,,,no,0.00,0,,no,running,no,,
'10141089694012,,,mejia0509@hotmail.com,yes,,,,,,,,,,no,0.00,0,,no,running,no,,
'10141089726780,,,Melirojas_@hotmail.com,yes,,,,,,,,,,no,0.00,0,,no,running,no,,
'10141089759548,,,melky1988@yahoo.es,yes,,,,,,,,,,no,0.00,0,,no,running,no,,
'10141089792316,,,meneseslunaalejandro616@gmail.com,yes,,,,,,,,,,no,0.00,0,,no,running,no,,
'10141089825084,,,mezadayana723.dm@gmail.com,yes,,,,,,,,,,no,0.00,0,,no,running,no,,
'10141089857852,,,mfajardo16@icloud.com,yes,,,,,,,,,,no,0.00,0,,no,running,no,,
'10141089890620,,,mfobandos@gmail.com,yes,,,,,,,,,,no,0.00,0,,no,running,no,,
'10141089923388,,,michaelacebedo@hotmail.com,yes,,,,,,,,,,no,0.00,0,,no,running,no,,
'10141089956156,,,michellsalas425@gmail.com,yes,,,,,,,,,,no,0.00,0,,no,running,no,,
'10141089988924,,,microfilg@gmail.com,yes,,,,,,,,,,no,0.00,0,,no,running,no,,
'10141090021692,,,micutea2004@gmail.com,yes,,,,,,,,,,no,0.00,0,,no,running,no,,
'10141090087228,,,Mmonicagfranco@gmsil.com,yes,,,,,,,,,,no,0.00,0,,no,running,no,,
'10141090119996,,,mondragonari@hotmail.com,yes,,,,,,,,,,no,0.00,0,,no,running,no,,
'10141090152764,,,moni134@hotmail.com,yes,,,,,,,,,,no,0.00,0,,no,running,no,,
'10141090218300,,,monicagfranco@gmail.com,yes,,,,,,,,,,no,0.00,0,,no,running,no,,
'10141090283836,,,montoyagm2020@gmail.com,yes,,,,,,,,,,no,0.00,0,,no,running,no,,
'10141090316604,,,morochos1228@gmail.com,yes,,,,,,,,,,no,0.00,0,,no,running,no,,
'10141090349372,,,Mov281215@gmail.com,yes,,,,,,,,,,no,0.00,0,,no,running,no,,
'10141090382140,,,mtobon82@gmail.com,yes,,,,,,,,,,no,0.00,0,,no,running,no,,
'10141090414908,,,nalia91@gmail.com,yes,,,,,,,,,,no,0.00,0,,no,running,no,,
'10141090447676,,,Nanis1474@hotmail.com,yes,,,,,,,,,,no,0.00,0,,no,running,no,,
'10141090480444,,,Nata.x7@hotmail.com,yes,,,,,,,,,,no,0.00,0,,no,running,no,,
'10141090513212,,,natadiazm13@gmail.com,yes,,,,,,,,,,no,0.00,0,,no,running,no,,
'10141090545980,,,natamerva@hotmail.com,yes,,,,,,,,,,no,0.00,0,,no,running,no,,
'10141090578748,,,nati9806@hotmail.com,yes,,,,,,,,,,no,0.00,0,,no,running,no,,
'10141090611516,,,natzasu13@gmail.com,yes,,,,,,,,,,no,0.00,0,,no,running,no,,
'10141090644284,,,nejahur@hotmail.com,yes,,,,,,,,,,no,0.00,0,,no,running,no,,
'10141090677052,,,nellyenemisicatabares@hotmail.com,yes,,,,,,,,,,no,0.00,0,,no,running,no,,
'10141090709820,,,nestor11isabela@gmail.com,yes,,,,,,,,,,no,0.00,0,,no,running,no,,
'10141090742588,,,nibetru@gmail.com,yes,,,,,,,,,,no,0.00,0,,no,running,no,,
'10141090775356,,,Nicoledayanalozada18@gmail.com,yes,,,,,,,,,,no,0.00,0,,no,running,no,,
'10141090808124,,,nicoltatianapm30@gmail.com,yes,,,,,,,,,,no,0.00,0,,no,running,no,,
'10141090840892,,,Nikollelopez006@gmail.com,yes,,,,,,,,,,no,0.00,0,,no,running,no,,
'10141090873660,,,njramirez01@hotmail.com,yes,,,,,,,,,,no,0.00,0,,no,running,no,,
'10141090906428,,,norbeycorredor22@gmail.com,yes,,,,,,,,,,no,0.00,0,,no,running,no,,
'10141090939196,,,olgaez2419@hotmail.com,yes,,,,,,,,,,no,0.00,0,,no,running,no,,
'10141091004732,,,Olgaluciaburiticazabala@gmail.com,yes,,,,,,,,,,no,0.00,0,,no,running,no,,
'10141091037500,,,olvers.a@gmail.com,yes,,,,,,,,,,no,0.00,0,,no,running,no,,
'10141091070268,,,olvers.a@hotmail.com,yes,,,,,,,,,,no,0.00,0,,no,running,no,,
'10141091103036,,,oplep@live.com,yes,,,,,,,,,,no,0.00,0,,no,running,no,,
'10141091135804,,,orjuelaluis40@gmail.com,yes,,,,,,,,,,no,0.00,0,,no,running,no,,
'10141091168572,,,orozcowilly175@gmail.com,yes,,,,,,,,,,no,0.00,0,,no,running,no,,
'10141091201340,,,oscarbernal1721@gmail.com,yes,,,,,,,,,,no,0.00,0,,no,running,no,,
'10141091234108,,,oscarcmarulanda90@gmail.com,yes,,,,,,,,,,no,0.00,0,,no,running,no,,
'10141091266876,,,oscardavidavilabedoya@gmail.com,yes,,,,,,,,,,no,0.00,0,,no,running,no,,
'10141091299644,,,oscarfranco33@hotmail.fr,yes,,,,,,,,,,no,0.00,0,,no,running,no,,
'10141091332412,,,Palova07@gmail.com,yes,,,,,,,,,,no,0.00,0,,no,running,no,,
'10141091365180,,,panchaatle@gmail.com,yes,,,,,,,,,,no,0.00,0,,no,running,no,,
'10141091397948,,,Pango29@hotmail.com,yes,,,,,,,,,,no,0.00,0,,no,running,no,,
'10141091430716,,,paolafrancoas@outlook.com,yes,,,,,,,,,,no,0.00,0,,no,running,no,,
'10141091463484,,,paolamartinezcardona360@gmail.com,yes,,,,,,,,,,no,0.00,0,,no,running,no,,
'10141091561788,,,paolamesa476@gmail.com,yes,,,,,,,,,,no,0.00,0,,no,running,no,,
'10141091627324,,,Paolaotalvaro64@gmail.com,yes,,,,,,,,,,no,0.00,0,,no,running,no,,
'10141091660092,,,paolitasaa@hotmail.com,yes,,,,,,,,,,no,0.00,0,,no,running,no,,
'10141091692860,,,Paty.gerena@gmail.com,yes,,,,,,,,,,no,0.00,0,,no,running,no,,
'10141091725628,,,Paulavlmarin@gmail.com,yes,,,,,,,,,,no,0.00,0,,no,running,no,,
'10141091758396,,,paulazul90@gmail.com,yes,,,,,,,,,,no,0.00,0,,no,running,no,,
'10141091791164,,,photographygarciac@gmail.com,yes,,,,,,,,,,no,0.00,0,,no,running,no,,
'10141091856700,,,Pimateo258@hotmail.com,yes,,,,,,,,,,no,0.00,0,,no,running,no,,
'10141091889468,,,pipebaena0717@gmail.com,yes,,,,,,,,,,no,0.00,0,,no,running,no,,
'10141091922236,,,piperoa0905@gmail.com,yes,,,,,,,,,,no,0.00,0,,no,running,no,,
'10141091955004,,,porlosandes8@gmail.com,yes,,,,,,,,,,no,0.00,0,,no,running,no,,
'10141091987772,,,Posadabenitezd@gmail.com,yes,,,,,,,,,,no,0.00,0,,no,running,no,,
'10141092020540,,,quinterobrenda3020@gmail.com,yes,,,,,,,,,,no,0.00,0,,no,running,no,,
'10141092118844,,,quynteroklau@gmail.com,yes,,,,,,,,,,no,0.00,0,,no,running,no,,
'10141092151612,,,rafaelandresreyes.te@gmail.com,yes,,,,,,,,,,no,0.00,0,,no,running,no,,
'10141092184380,,,rajimenezescobar@gmail.com,yes,,,,,,,,,,no,0.00,0,,no,running,no,,
'10141092217148,,,ramirezkcr57@gmail.com,yes,,,,,,,,,,no,0.00,0,,no,running,no,,
'10141092249916,,,rana.1@live.com,yes,,,,,,,,,,no,0.00,0,,no,running,no,,
'10141092282684,,,raynergus0204@gmail.com,yes,,,,,,,,,,no,0.00,0,,no,running,no,,
'10141092315452,,,Rene.sanchez.braussin@gmail.com,yes,,,,,,,,,,no,0.00,0,,no,running,no,,
'10141092348220,,,reubenalbert1982@gmail.com,yes,,,,,,,,,,no,0.00,0,,no,running,no,,
'10141092380988,,,richicarvajal05@hotmail.com,yes,,,,,,,,,,no,0.00,0,,no,running,no,,
'10141092413756,,,riosjhenifer94@gmail.com,yes,,,,,,,,,,no,0.00,0,,no,running,no,,
'10141092446524,,,robchago@yahoo.com,yes,,,,,,,,,,no,0.00,0,,no,running,no,,
'10141092479292,,,robertomorales8509@gmail.com,yes,,,,,,,,,,no,0.00,0,,no,running,no,,
'10141092512060,,,robinson1083@hotmail.es,yes,,,,,,,,,,no,0.00,0,,no,running,no,,
'10141092544828,,,rockangel458@hotmail.com,yes,,,,,,,,,,no,0.00,0,,no,running,no,,
'10141092577596,,,Roosvelta@gmail.com,yes,,,,,,,,,,no,0.00,0,,no,running,no,,
'10141092610364,,,Rorovas.rr@gmail.com,yes,,,,,,,,,,no,0.00,0,,no,running,no,,
'10141092643132,,,rubencanrb21@hotmail.com,yes,,,,,,,,,,no,0.00,0,,no,running,no,,
'10141092675900,,,rubendariotoro@hotmail.com,yes,,,,,,,,,,no,0.00,0,,no,running,no,,
'10141092708668,,,ruddyan17@hotmail.com,yes,,,,,,,,,,no,0.00,0,,no,running,no,,
'10141092741436,,,Rvpaulina@hotmail.com,yes,,,,,,,,,,no,0.00,0,,no,running,no,,
'10141092774204,,,salinasnaranjo.samuel.csp@gmail.com,yes,,,,,,,,,,no,0.00,0,,no,running,no,,
'10141092806972,,,samuel.murillo.corte@gmail.com,yes,,,,,,,,,,no,0.00,0,,no,running,no,,
'10141092839740,,,samuellopezjaramillo4@gmail.com,yes,,,,,,,,,,no,0.00,0,,no,running,no,,
'10141092872508,,,Samuelmcmxcv@gmail.com,yes,,,,,,,,,,no,0.00,0,,no,running,no,,
'10141092905276,,,sandramilena1979ramirez@gmail.com,yes,,,,,,,,,,no,0.00,0,,no,running,no,,
'10141092938044,,,Sandramisaza05@gmail.com,yes,,,,,,,,,,no,0.00,0,,no,running,no,,
'10141092970812,,,sandramontoya1516@gmail.com,yes,,,,,,,,,,no,0.00,0,,no,running,no,,
'10141093003580,,,sandrasanchez1831@gmail.com,yes,,,,,,,,,,no,0.00,0,,no,running,no,,
'10141093036348,,,sandro10sur@gmail.com,yes,,,,,,,,,,no,0.00,0,,no,running,no,,
'10141093069116,,,Sanrecursos31@gmail.com,yes,,,,,,,,,,no,0.00,0,,no,running,no,,
'10141093101884,,,Sansalasmo29@gmail.com,yes,,,,,,,,,,no,0.00,0,,no,running,no,,
'10141093134652,,,santiago191996@gmail.com,yes,,,,,,,,,,no,0.00,0,,no,running,no,,
'10141093200188,,,santiagogiraldotabares647@gmail.com,yes,,,,,,,,,,no,0.00,0,,no,running,no,,
'10141093232956,,,santiagohenao1994@gmail.com,yes,,,,,,,,,,no,0.00,0,,no,running,no,,
'10141093298492,,,santiagopachecoflorez@gmail.com,yes,,,,,,,,,,no,0.00,0,,no,running,no,,
'10141093331260,,,sapecu83@gmail.com,yes,,,,,,,,,,no,0.00,0,,no,running,no,,
'10141093364028,,,Sbarahonag.04@gmail.com,yes,,,,,,,,,,no,0.00,0,,no,running,no,,
'10141093396796,,,sc5399411@gmail.com,yes,,,,,,,,,,no,0.00,0,,no,running,no,,
'10141093429564,,,sebasauxiliar11@gmail.com,yes,,,,,,,,,,no,0.00,0,,no,running,no,,
'10141093462332,,,Sebaselectro1@hotmail.com,yes,,,,,,,,,,no,0.00,0,,no,running,no,,
'10141093495100,,,sebashoyos19@hotmail.com,yes,,,,,,,,,,no,0.00,0,,no,running,no,,
'10141093527868,,,Sebasrunning13@gmail.com,yes,,,,,,,,,,no,0.00,0,,no,running,no,,
'10141093560636,,,Sebastian235.villa@gmail.com,yes,,,,,,,,,,no,0.00,0,,no,running,no,,
'10141093593404,,,sebastianmatorres@gmail.com,yes,,,,,,,,,,no,0.00,0,,no,running,no,,
'10141093626172,,,segurosgranadamje@gmail.com,yes,,,,,,,,,,no,0.00,0,,no,running,no,,
'10141093658940,,,sgranadam@gmail.com,yes,,,,,,,,,,no,0.00,0,,no,running,no,,
'10141093691708,,,silvagclarena@gmail.com,yes,,,,,,,,,,no,0.00,0,,no,running,no,,
'10141093724476,,,silvanarango@yahoo.es,yes,,,,,,,,,,no,0.00,0,,no,running,no,,
'10141093757244,,,Sofi.escobar.2503@gmail.com,yes,,,,,,,,,,no,0.00,0,,no,running,no,,
'10141093790012,,,sofiacata098@hotmail.com,yes,,,,,,,,,,no,0.00,0,,no,running,no,,
'10141093822780,,,sokra89@gmail.com,yes,,,,,,,,,,no,0.00,0,,no,running,no,,
'10141093855548,,,spike2680@gmail.com,yes,,,,,,,,,,no,0.00,0,,no,running,no,,
'10141093888316,,,stellaalvaran12@gmail.com,yes,,,,,,,,,,no,0.00,0,,no,running,no,,
'10141093921084,,,stevenka2017@gmail.com,yes,,,,,,,,,,no,0.00,0,,no,running,no,,
'10141093953852,,,stivenarenas@outlook.com,yes,,,,,,,,,,no,0.00,0,,no,running,no,,
'10141093986620,,,suedeportivoarmenia@gmail.com,yes,,,,,,,,,,no,0.00,0,,no,running,no,,
'10141094052156,,,svc16@hotmail.com,yes,,,,,,,,,,no,0.00,0,,no,running,no,,
'10141094084924,,,tapas.07@hotmail.com,yes,,,,,,,,,,no,0.00,0,,no,running,no,,
'10141094150460,,,Tatabonita92@gmail.com,yes,,,,,,,,,,no,0.00,0,,no,running,no,,
'10141094183228,,,tavo.elid@gmail.com,yes,,,,,,,,,,no,0.00,0,,no,running,no,,
'10141094248764,,,torojulian482@gmail.com,yes,,,,,,,,,,no,0.00,0,,no,running,no,,
'10141094314300,,,torresacostakimberly91@gmail.com,yes,,,,,,,,,,no,0.00,0,,no,running,no,,
'10141094347068,,,ubrlopez@gmail.com,yes,,,,,,,,,,no,0.00,0,,no,running,no,,
'10141094412604,,,VALENROSAS93@GMAIL.COM,yes,,,,,,,,,,no,0.00,0,,no,running,no,,
'10141094445372,,,Valentina84010@gmail.com,yes,,,,,,,,,,no,0.00,0,,no,running,no,,
'10141094510908,,,valentinaparejahenao@gmail.com,yes,,,,,,,,,,no,0.00,0,,no,running,no,,
'10141094543676,,,valentinarestrepocortez@gmail.com,yes,,,,,,,,,,no,0.00,0,,no,running,no,,
'10141094576444,,,valeria.cuellars@uqvirtual.edu.co,yes,,,,,,,,,,no,0.00,0,,no,running,no,,
'10141094609212,,,Valerinlondono7@gmail.com,yes,,,,,,,,,,no,0.00,0,,no,running,no,,
'10141094641980,,,vanesa-1023@hotmail.com,yes,,,,,,,,,,no,0.00,0,,no,running,no,,
'10141094707516,,,Vannevannem1993@gmail.com,yes,,,,,,,,,,no,0.00,0,,no,running,no,,
'10141094740284,,,vfgutierrezc@gmail.com,yes,,,,,,,,,,no,0.00,0,,no,running,no,,
'10141094805820,,,vgonzalez731318@cue.edu.co,yes,,,,,,,,,,no,0.00,0,,no,running,no,,
'10141094871356,,,victorhugo34@gmail.com,yes,,,,,,,,,,no,0.00,0,,no,running,no,,
'10141094904124,,,victoriaquinteroar@gmail.com,yes,,,,,,,,,,no,0.00,0,,no,running,no,,
'10141094969660,,,victorvanegas-26@hotmail.com,yes,,,,,,,,,,no,0.00,0,,no,running,no,,
'10141095002428,,,viscaina12@hotmail.com,yes,,,,,,,,,,no,0.00,0,,no,running,no,,
'10141095035196,,,Viscayadavid28@gmail.com,yes,,,,,,,,,,no,0.00,0,,no,running,no,,
'10141095067964,,,vivianaisabella15@gmail.com,yes,,,,,,,,,,no,0.00,0,,no,running,no,,
'10141095133500,,,Vivicardenassofi24@gmail.com,yes,,,,,,,,,,no,0.00,0,,no,running,no,,
'10141095166268,,,willy_cortes1990@hotmail.com,yes,,,,,,,,,,no,0.00,0,,no,running,no,,
'10141095231804,,,xandrea0979@hotmail.com,yes,,,,,,,,,,no,0.00,0,,no,running,no,,
'10141095264572,,,xyeribethx@gmail.com,yes,,,,,,,,,,no,0.00,0,,no,running,no,,
'10141095297340,,,yalexa2123@hotmail.com,yes,,,,,,,,,,no,0.00,0,,no,running,no,,
'10141095330108,,,yangligomezuribe0@gmail.com,yes,,,,,,,,,,no,0.00,0,,no,running,no,,
'10141095362876,,,yanlibra28@gmail.com,yes,,,,,,,,,,no,0.00,0,,no,running,no,,
'10141095428412,,,yeimyfernandar1111@gmail.com,yes,,,,,,,,,,no,0.00,0,,no,running,no,,
'10141095461180,,,yeissonparra629@gmail.com,yes,,,,,,,,,,no,0.00,0,,no,running,no,,
'10141095493948,,,yenicarolina1703@hotmail.com,yes,,,,,,,,,,no,0.00,0,,no,running,no,,
'10141095526716,,,yenitardila16@hotmail.com,yes,,,,,,,,,,no,0.00,0,,no,running,no,,
'10141095559484,,,Yepes.arq@gmail.com,yes,,,,,,,,,,no,0.00,0,,no,running,no,,
'10141095592252,,,yesicavalencialopez5@gmail.com,yes,,,,,,,,,,no,0.00,0,,no,running,no,,
'10141095657788,,,yesik1537@hotmail.com,yes,,,,,,,,,,no,0.00,0,,no,running,no,,
'10141095690556,,,yolandalondono1@hotmail.es,yes,,,,,,,,,,no,0.00,0,,no,running,no,,
'10141095723324,,,Yolisbethocando@gmai.com,yes,,,,,,,,,,no,0.00,0,,no,running,no,,
'10141095756092,,,yulied.shaiel@gmail.com,yes,,,,,,,,,,no,0.00,0,,no,running,no,,
'10141095788860,,,yulycamacho60@gmail.com,yes,,,,,,,,,,no,0.00,0,,no,running,no,,
'10141095854396,,,zarpazo10@hotmail.com,yes,,,,,,,,,,no,0.00,0,,no,running,no,,
'10141095887164,,,zeusote@hotmail.com,yes,,,,,,,,,,no,0.00,0,,no,running,no,,
'10141128851772,,,axxel.91@hotmail.com,yes,,,,,,,,,,no,0.00,0,,no,mountain_bike,no,,
'10141128884540,,,basica4@hotmail.com,yes,,,,,,,,,,no,0.00,0,,no,mountain_bike,no,,
'10141128917308,,,caredo2@hotmail.com,yes,,,,,,,,,,no,0.00,0,,no,mountain_bike,no,,
'10141128950076,,,didierjacobo@gmail.com,yes,,,,,,,,,,no,0.00,0,,no,mountain_bike,no,,
'10141128982844,,,dinancy1227@hotmail.com,yes,,,,,,,,,,no,0.00,0,,no,mountain_bike,no,,
'10141129015612,,,edosorio9416@gmail.com,yes,,,,,,,,,,no,0.00,0,,no,mountain_bike,no,,
'10141129048380,,,eduarmauricio78@yahoo.com,yes,,,,,,,,,,no,0.00,0,,no,mountain_bike,no,,
'10141129081148,,,ferneiser@hotmail.com,yes,,,,,,,,,,no,0.00,0,,no,mountain_bike,no,,
'10141129113916,,,galenopmf@gmail.com,yes,,,,,,,,,,no,0.00,0,,no,mountain_bike,no,,
'10141129146684,,,idazafa@hotmail.com,yes,,,,,,,,,,no,0.00,0,,no,mountain_bike,no,,
'10141129179452,,,imagenvideo394@gmail.com,yes,,,,,,,,,,no,0.00,0,,no,mountain_bike,no,,
'10141129212220,,,jags102@hotmail.com,yes,,,,,,,,,,no,0.00,0,,no,mountain_bike,no,,
'10141129277756,,,jansot30@hotmail.com,yes,,,,,,,,,,no,0.00,0,,no,mountain_bike,no,,
'10141129310524,,,jomini8@hotmail.com,yes,,,,,,,,,,no,0.00,0,,no,mountain_bike,no,,
'10141129376060,,,juandavidcossio.95@outlook.es,yes,,,,,,,,,,no,0.00,0,,no,mountain_bike,no,,
'10141129408828,,,lejito8818@hotmail.com,yes,,,,,,,,,,no,0.00,0,,no,mountain_bike,no,,
'10141129441596,,,leorksonora@gmail.com,yes,,,,,,,,,,no,0.00,0,,no,mountain_bike,no,,
'10141129474364,,,liarbelaez@gmail.com,yes,,,,,,,,,,no,0.00,0,,no,mountain_bike,no,,
'10141129507132,,,linammi7@hotmail.com,yes,,,,,,,,,,no,0.00,0,,no,mountain_bike,no,,
'10141129539900,,,m_iguell@hotmail.com,yes,,,,,,,,,,no,0.00,0,,no,mountain_bike,no,,
'10141129572668,,,santio1028@hotmail.com,yes,,,,,,,,,,no,0.00,0,,no,mountain_bike,no,,
'10141129605436,,,urielyel@hotmail.es,yes,,,,,,,,,,no,0.00,0,,no,mountain_bike,no,,
'10141129638204,,,wadi_alsalam11@hotmail.com,yes,,,,,,,,,,no,0.00,0,,no,mountain_bike,no,,
'10141129670972,,,yefersondon67@hotmail.com,yes,,,,,,,,,,no,0.00,0,,no,mountain_bike,no,,
'10141129703740,,,zephiano@hotmail.com,yes,,,,,,,,,,no,0.00,0,,no,mountain_bike,no,,
'10141129769276,,,zulaygogo@hotmail.com,yes,,,,,,,,,,no,0.00,0,,no,mountain_bike,no,,
'10141129802044,,,1981balin@gmail.com,yes,,,,,,,,,,no,0.00,0,,no,mountain_bike,no,,
'10141129867580,,,1984diego@gmail.com,yes,,,,,,,,,,no,0.00,0,,no,mountain_bike,no,,
'10141129900348,,,3.lombriz@gmail.com,yes,,,,,,,,,,no,0.00,0,,no,mountain_bike,no,,
'10141129933116,,,abog.julietaserna03@gmail.com,yes,,,,,,,,,,no,0.00,0,,no,mountain_bike,no,,
'10141129998652,,,aboteror@gmail.com,yes,,,,,,,,,,no,0.00,0,,no,mountain_bike,no,,
'10141130031420,,,Abrahamaguirreaguilar@gmail.com,yes,,,,,,,,,,no,0.00,0,,no,mountain_bike,no,,
'10141130064188,,,ach_0927@hotmail.com,yes,,,,,,,,,,no,0.00,0,,no,mountain_bike,no,,
'10141130096956,,,adhecapa@gmail.com,yes,,,,,,,,,,no,0.00,0,,no,mountain_bike,no,,
'10141130162492,,,admincomercial@cercafe.com.co,yes,,,,,,,,,,no,0.00,0,,no,mountain_bike,no,,
'10141130195260,,,admon.2009@hotmail.com,yes,,,,,,,,,,no,0.00,0,,no,mountain_bike,no,,
'10141130228028,,,adolfocanomarin@gmail.com,yes,,,,,,,,,,no,0.00,0,,no,mountain_bike,no,,
'10141130260796,,,afa968@gmail.com,yes,,,,,,,,,,no,0.00,0,,no,mountain_bike,no,,
'10141130293564,,,afguzmanvilla@hotmail.com,yes,,,,,,,,,,no,0.00,0,,no,mountain_bike,no,,
'10141130326332,,,afzapata8@hotmail.com,yes,,,,,,,,,,no,0.00,0,,no,mountain_bike,no,,
'10141130391868,,,aga0606@hotmail.com,yes,,,,,,,,,,no,0.00,0,,no,mountain_bike,no,,
'10141130424636,,,alayanandres18@gmail.com,yes,,,,,,,,,,no,0.00,0,,no,mountain_bike,no,,
'10141130457404,,,albeirobond@hotmail.com,yes,,,,,,,,,,no,0.00,0,,no,mountain_bike,no,,
'10141130490172,,,alejandra.guaydiac@hotmail.com,yes,,,,,,,,,,no,0.00,0,,no,mountain_bike,no,,
'10141130522940,,,alejandrahr82@hotmail.com,yes,,,,,,,,,,no,0.00,0,,no,mountain_bike,no,,
'10141130555708,,,alejandrojimenezr28@gmail.com,yes,,,,,,,,,,no,0.00,0,,no,mountain_bike,no,,
'10141130588476,,,alejandrovega@hotmail.com,yes,,,,,,,,,,no,0.00,0,,no,mountain_bike,no,,
'10141130621244,,,alejaoro@hotmail.es,yes,,,,,,,,,,no,0.00,0,,no,mountain_bike,no,,
'10141130654012,,,alejita_wine1909@hotmail.com,yes,,,,,,,,,,no,0.00,0,,no,mountain_bike,no,,
'10141130686780,,,alejmaor@gmail.com,yes,,,,,,,,,,no,0.00,0,,no,mountain_bike,no,,
'10141130719548,,,alejo.ea@gmail.com,yes,,,,,,,,,,no,0.00,0,,no,mountain_bike,no,,
'10141130785084,,,alejo_cafe.96@hotmail.com,yes,,,,,,,,,,no,0.00,0,,no,mountain_bike,no,,
'10141130817852,,,alejo1315per@outlook.com,yes,,,,,,,,,,no,0.00,0,,no,mountain_bike,no,,
'10141130850620,,,alejocj99@hotmail.com,yes,,,,,,,,,,no,0.00,0,,no,mountain_bike,no,,
'10141130883388,,,Alejoocampogarcia@hotmail.com,yes,,,,,,,,,,no,0.00,0,,no,mountain_bike,no,,
'10141130916156,,,alexbikex@hotmail.com,yes,,,,,,,,,,no,0.00,0,,no,mountain_bike,no,,
'10141130981692,,,almacenbicimario@hotmail.com,yes,,,,,,,,,,no,0.00,0,,no,mountain_bike,no,,
'10141131014460,,,almorenoj@hotmail.com,yes,,,,,,,,,,no,0.00,0,,no,mountain_bike,no,,
'10141131047228,,,alucardmemories@gmail.com,yes,,,,,,,,,,no,0.00,0,,no,mountain_bike,no,,
'10141131079996,,,alvaroingc@gmail.com,yes,,,,,,,,,,no,0.00,0,,no,mountain_bike,no,,
'10141131112764,,,alvarojaramillovelez@hotmail.com,yes,,,,,,,,,,no,0.00,0,,no,mountain_bike,no,,
'10141131145532,,,anam574@hotmail.com,yes,,,,,,,,,,no,0.00,0,,no,mountain_bike,no,,
'10141131178300,,,ande_fe@yahoo.es,yes,,,,,,,,,,no,0.00,0,,no,mountain_bike,no,,
'10141131211068,,,andreaspineros@live.it,yes,,,,,,,,,,no,0.00,0,,no,mountain_bike,no,,
'10141131243836,,,andreitagutu@hotmail.com,yes,,,,,,,,,,no,0.00,0,,no,mountain_bike,no,,
'10141131276604,,,Andres.tabares@outlook.es,yes,,,,,,,,,,no,0.00,0,,no,mountain_bike,no,,
'10141131309372,,,andresbargal@gmail.com,yes,,,,,,,,,,no,0.00,0,,no,mountain_bike,no,,
'10141131374908,,,andrescardozosuarez@Hotmail.com,yes,,,,,,,,,,no,0.00,0,,no,mountain_bike,no,,
'10141131407676,,,andreshoyose@hotmail.com,yes,,,,,,,,,,no,0.00,0,,no,mountain_bike,no,,
'10141131440444,,,andrestabares1@gmail.com,yes,,,,,,,,,,no,0.00,0,,no,mountain_bike,no,,
'10141131473212,,,andrexgg9@gmail.com,yes,,,,,,,,,,no,0.00,0,,no,mountain_bike,no,,
'10141131505980,,,andru.val1215@gmail.com,yes,,,,,,,,,,no,0.00,0,,no,mountain_bike,no,,
'10141131538748,,,angelita4523@hotmail.com,yes,,,,,,,,,,no,0.00,0,,no,mountain_bike,no,,
'10141131571516,,,angora060609@hotmail.com,yes,,,,,,,,,,no,0.00,0,,no,mountain_bike,no,,
'10141131669820,,,anlodo89@gmail.com,yes,,,,,,,,,,no,0.00,0,,no,mountain_bike,no,,
'10141131702588,,,apachebikes@hotmail.com,yes,,,,,,,,,,no,0.00,0,,no,mountain_bike,no,,
'10141131735356,,,apolo1319@hotmail.com,yes,,,,,,,,,,no,0.00,0,,no,mountain_bike,no,,
'10141131800892,,,arenas2210@gmail.com,yes,,,,,,,,,,no,0.00,0,,no,mountain_bike,no,,
'10141131833660,,,ariasalvaro16@hotmail.com,yes,,,,,,,,,,no,0.00,0,,no,mountain_bike,no,,
'10141131866428,,,arqivangarcia@gmail.com,yes,,,,,,,,,,no,0.00,0,,no,mountain_bike,no,,
'10141131997500,,,arsazu_@hotmail.com,yes,,,,,,,,,,no,0.00,0,,no,mountain_bike,no,,
'10141132030268,,,ayalmesa@gmail.com,yes,,,,,,,,,,no,0.00,0,,no,mountain_bike,no,,
'10141132095804,,,bagp_0713@hotmail.com,yes,,,,,,,,,,no,0.00,0,,no,mountain_bike,no,,
'10141132128572,,,balaguera007@hotmail.com,yes,,,,,,,,,,no,0.00,0,,no,mountain_bike,no,,
'10141132161340,,,Balin1981@gmail.com,yes,,,,,,,,,,no,0.00,0,,no,mountain_bike,no,,
'10141132194108,,,bangel88@hotmail.com,yes,,,,,,,,,,no,0.00,0,,no,mountain_bike,no,,
'10141132259644,,,baniadavila@icloud.com,yes,,,,,,,,,,no,0.00,0,,no,mountain_bike,no,,
'10141132292412,,,Benjamingrajales72@gmail.com,yes,,,,,,,,,,no,0.00,0,,no,mountain_bike,no,,
'10141132325180,,,bernardosuaza@hotmail.es,yes,,,,,,,,,,no,0.00,0,,no,mountain_bike,no,,
'10141132357948,,,biciarmenia2003@gmail.com,yes,,,,,,,,,,no,0.00,0,,no,mountain_bike,no,,
'10141132390716,,,bionicholls@hotmail.com,yes,,,,,,,,,,no,0.00,0,,no,mountain_bike,no,,
'10141132456252,,,Boterito7@hotmail.com,yes,,,,,,,,,,no,0.00,0,,no,mountain_bike,no,,
'10141132489020,,,Botero1906@gmail.com,yes,,,,,,,,,,no,0.00,0,,no,mountain_bike,no,,
'10141132554556,,,brayandiaz693@gmail.com,yes,,,,,,,,,,no,0.00,0,,no,mountain_bike,no,,
'10141132587324,,,c.a.m.a.56@hotmail.com,yes,,,,,,,,,,no,0.00,0,,no,mountain_bike,no,,
'10141132620092,,,cafetal_53@hotmail.com,yes,,,,,,,,,,no,0.00,0,,no,mountain_bike,no,,
'10141132718396,,,cagudelogil@gmail.com,yes,,,,,,,,,,no,0.00,0,,no,mountain_bike,no,,
'10141132751164,,,calg.95@outlook.com,yes,,,,,,,,,,no,0.00,0,,no,mountain_bike,no,,
'10141132783932,,,cami.mest-11@hotmail.com,yes,,,,,,,,,,no,0.00,0,,no,mountain_bike,no,,
'10141132816700,,,cami.ocampoarias@gmail.com,yes,,,,,,,,,,no,0.00,0,,no,mountain_bike,no,,
'10141132849468,,,c-ami-2080@hotmail.com,yes,,,,,,,,,,no,0.00,0,,no,mountain_bike,no,,
'10141132915004,,,camiloide1a@hotmail.com,yes,,,,,,,,,,no,0.00,0,,no,mountain_bike,no,,
'10141132947772,,,candrecha@hotmail.com,yes,,,,,,,,,,no,0.00,0,,no,mountain_bike,no,,
'10141133013308,,,Caritoz21@hotmail.com,yes,,,,,,,,,,no,0.00,0,,no,mountain_bike,no,,
'10141133046076,,,carlos.aguirre1623@correo.policia.gov.co,yes,,,,,,,,,,no,0.00,0,,no,mountain_bike,no,,
'10141133078844,,,Carlos.nunez11@hotmail.es,yes,,,,,,,,,,no,0.00,0,,no,mountain_bike,no,,
'10141133111612,,,carlosamontoyac@gmail.com,yes,,,,,,,,,,no,0.00,0,,no,mountain_bike,no,,
'10141133144380,,,carlosefreng@yahoo.com,yes,,,,,,,,,,no,0.00,0,,no,mountain_bike,no,,
'10141133209916,,,carlosfabiomb@hotmail.com,yes,,,,,,,,,,no,0.00,0,,no,mountain_bike,no,,
'10141133242684,,,carlosparedesmontoya@hotmail.com,yes,,,,,,,,,,no,0.00,0,,no,mountain_bike,no,,
'10141133275452,,,carlosvillamil4122@hotmail.com,yes,,,,,,,,,,no,0.00,0,,no,mountain_bike,no,,
'10141133340988,,,carmonto@icloud.com,yes,,,,,,,,,,no,0.00,0,,no,mountain_bike,no,,
'10141133406524,,,carolina_restrepo0120@hotmail.com,yes,,,,,,,,,,no,0.00,0,,no,mountain_bike,no,,
'10141133439292,,,carolinagallon@hotmail.com,yes,,,,,,,,,,no,0.00,0,,no,mountain_bike,no,,
'10141133504828,,,carovc1111@gmail.com,yes,,,,,,,,,,no,0.00,0,,no,mountain_bike,no,,
'10141133570364,,,Castanedabrid@gmail.com,yes,,,,,,,,,,no,0.00,0,,no,mountain_bike,no,,
'10141133603132,,,catoveles31@hotmail.com,yes,,,,,,,,,,no,0.00,0,,no,mountain_bike,no,,
'10141133635900,,,cavch_0812@hotmail.com,yes,,,,,,,,,,no,0.00,0,,no,mountain_bike,no,,
'10141133668668,,,cesarcano_0510@hotmail.com,yes,,,,,,,,,,no,0.00,0,,no,mountain_bike,no,,
'10141133734204,,,Chechoprieto11@gmail.com,yes,,,,,,,,,,no,0.00,0,,no,mountain_bike,no,,
'10141133766972,,,chuzo.net77@hotmail.com,yes,,,,,,,,,,no,0.00,0,,no,mountain_bike,no,,
'10141133799740,,,Claudialilianal2502@gmail.com,yes,,,,,,,,,,no,0.00,0,,no,mountain_bike,no,,
'10141133832508,,,comerjp@hotmail.com,yes,,,,,,,,,,no,0.00,0,,no,mountain_bike,no,,
'10141133865276,,,correodiegoduque@hotmail.com,yes,,,,,,,,,,no,0.00,0,,no,mountain_bike,no,,
'10141133898044,,,correonorbey@hotmail.com,yes,,,,,,,,,,no,0.00,0,,no,mountain_bike,no,,
'10141133930812,,,cristancho_loundo@hotmail.com,yes,,,,,,,,,,no,0.00,0,,no,mountain_bike,no,,
'10141133963580,,,cristian.03.ramos@gmail.com,yes,,,,,,,,,,no,0.00,0,,no,mountain_bike,no,,
'10141133996348,,,Cristianfdoramirez@gmail.com,yes,,,,,,,,,,no,0.00,0,,no,mountain_bike,no,,
'10141134029116,,,cristian-galviz@hotmail.com,yes,,,,,,,,,,no,0.00,0,,no,mountain_bike,no,,
'10141134061884,,,cristianmars696@hotmail.com,yes,,,,,,,,,,no,0.00,0,,no,mountain_bike,no,,
'10141134094652,,,daf_909@hotmail.com,yes,,,,,,,,,,no,0.00,0,,no,mountain_bike,no,,
'10141134127420,,,damazar8866@hotmail.com,yes,,,,,,,,,,no,0.00,0,,no,mountain_bike,no,,
'10141134160188,,,danielbbatero28@gmail.com,yes,,,,,,,,,,no,0.00,0,,no,mountain_bike,no,,
'10141134192956,,,Danielbike10@gmail.com,yes,,,,,,,,,,no,0.00,0,,no,mountain_bike,no,,
'10141134225724,,,danielfelipegarcia086@gmail.com,yes,,,,,,,,,,no,0.00,0,,no,mountain_bike,no,,
'10141134324028,,,danielji87.djc@gmail.com,yes,,,,,,,,,,no,0.00,0,,no,mountain_bike,no,,
'10141134356796,,,danielmoralesgomez@hotmail.com,yes,,,,,,,,,,no,0.00,0,,no,mountain_bike,no,,
'10141134389564,,,darfa@hotmail.com,yes,,,,,,,,,,no,0.00,0,,no,mountain_bike,no,,
'10141134422332,,,dars12212@gmail.com,yes,,,,,,,,,,no,0.00,0,,no,mountain_bike,no,,
'10141134455100,,,datacampana@gmail.com,yes,,,,,,,,,,no,0.00,0,,no,mountain_bike,no,,
'10141134487868,,,david.aristi@gmail.com,yes,,,,,,,,,,no,0.00,0,,no,mountain_bike,no,,
'10141134520636,,,david4375996@yahoo.es,yes,,,,,,,,,,no,0.00,0,,no,mountain_bike,no,,
'10141134553404,,,Davidaret@hotmail.com,yes,,,,,,,,,,no,0.00,0,,no,mountain_bike,no,,
'10141134586172,,,davidenkodiaz21@gmail.com,yes,,,,,,,,,,no,0.00,0,,no,mountain_bike,no,,
'10141134618940,,,davidescobar30@hotmail.com,yes,,,,,,,,,,no,0.00,0,,no,mountain_bike,no,,
'10141134651708,,,davidtabares2014@gmail.com,yes,,,,,,,,,,no,0.00,0,,no,mountain_bike,no,,
'10141134684476,,,deyanira1982@live.com,yes,,,,,,,,,,no,0.00,0,,no,mountain_bike,no,,
'10141134717244,,,dfdel11@hotmail.com,yes,,,,,,,,,,no,0.00,0,,no,mountain_bike,no,,
'10141134750012,,,dgomez.c94@gmail.com,yes,,,,,,,,,,no,0.00,0,,no,mountain_bike,no,,
'10141134782780,,,diana.riano@cafedecolombia.com.co,yes,,,,,,,,,,no,0.00,0,,no,mountain_bike,no,,
'10141134815548,,,diana2013ramirezg@gmail.com,yes,,,,,,,,,,no,0.00,0,,no,mountain_bike,no,,
'10141134848316,,,dianitasanz1021@gmail.com,yes,,,,,,,,,,no,0.00,0,,no,mountain_bike,no,,
'10141134881084,,,diazbercarlos@miugca.edu.co,yes,,,,,,,,,,no,0.00,0,,no,mountain_bike,no,,
'10141134913852,,,didieraltrujillo@hotmail.com,yes,,,,,,,,,,no,0.00,0,,no,mountain_bike,no,,
'10141134979388,,,didiersh0417@gmail.com,yes,,,,,,,,,,no,0.00,0,,no,mountain_bike,no,,
'10141135012156,,,die082010@hotmail.com,yes,,,,,,,,,,no,0.00,0,,no,mountain_bike,no,,
'10141135044924,,,diegofelipegarciapalacio@gmail.com,yes,,,,,,,,,,no,0.00,0,,no,mountain_bike,no,,
'10141135077692,,,diegovegal@hotmail.com,yes,,,,,,,,,,no,0.00,0,,no,mountain_bike,no,,
'10141135143228,,,dimagueo@yahoo.es,yes,,,,,,,,,,no,0.00,0,,no,mountain_bike,no,,
'10141135175996,,,distridelquindio@live.com.ar,yes,,,,,,,,,,no,0.00,0,,no,mountain_bike,no,,
'10141135208764,,,distrijuanpablo@gmail.com,yes,,,,,,,,,,no,0.00,0,,no,mountain_bike,no,,
'10141135274300,,,divalen@gmail.com,yes,,,,,,,,,,no,0.00,0,,no,mountain_bike,no,,
'10141135307068,,,doble_anis@hotmail.com,yes,,,,,,,,,,no,0.00,0,,no,mountain_bike,no,,
'10141135339836,,,Doc.leidysilva@hotmail.com,yes,,,,,,,,,,no,0.00,0,,no,mountain_bike,no,,
'10141135405372,,,dorac_@hotmail.com,yes,,,,,,,,,,no,0.00,0,,no,mountain_bike,no,,
'10141135470908,,,dpvdago@yahoo.com,yes,,,,,,,,,,no,0.00,0,,no,mountain_bike,no,,
'10141135503676,,,drodril83@gmail.com,yes,,,,,,,,,,no,0.00,0,,no,mountain_bike,no,,
'10141135569212,,,duke1982.jfd@gmail.com,yes,,,,,,,,,,no,0.00,0,,no,mountain_bike,no,,
'10141135601980,,,duque1666@yahoo.com,yes,,,,,,,,,,no,0.00,0,,no,mountain_bike,no,,
'10141135667516,,,dvictoria6@misena.edu.co,yes,,,,,,,,,,no,0.00,0,,no,mountain_bike,no,,
'10141135733052,,,Ecoparquetupais@gmail.com,yes,,,,,,,,,,no,0.00,0,,no,mountain_bike,no,,
'10141135798588,,,edignaciobarrera@gmail.com,yes,,,,,,,,,,no,0.00,0,,no,mountain_bike,no,,
'10141135831356,,,edonarvaez@gmail.com,yes,,,,,,,,,,no,0.00,0,,no,mountain_bike,no,,
'10141135864124,,,eduardowilson416@gmail.com,yes,,,,,,,,,,no,0.00,0,,no,mountain_bike,no,,
'10141135929660,,,eduarmauricio78@yahoo.com.co,yes,,,,,,,,,,no,0.00,0,,no,mountain_bike,no,,
'10141135962428,,,edwingermanc@yahoo.com,yes,,,,,,,,,,no,0.00,0,,no,mountain_bike,no,,
'10141135995196,,,elalterno@gmail.com,yes,,,,,,,,,,no,0.00,0,,no,mountain_bike,no,,
'10141136060732,,,Elimontesflorez@gmail.com,yes,,,,,,,,,,no,0.00,0,,no,mountain_bike,no,,
'10141136093500,,,elnekin@gmail.com,yes,,,,,,,,,,no,0.00,0,,no,mountain_bike,no,,
'10141136126268,,,elyanamarin79@gmail.com,yes,,,,,,,,,,no,0.00,0,,no,mountain_bike,no,,
'10141136159036,,,embobinadosdelcafe@hotmail.com,yes,,,,,,,,,,no,0.00,0,,no,mountain_bike,no,,
'10141136257340,,,emoreno@ingeomega.com,yes,,,,,,,,,,no,0.00,0,,no,mountain_bike,no,,
'10141136290108,,,ericklaverde@hotmail.com,yes,,,,,,,,,,no,0.00,0,,no,mountain_bike,no,,
'10141136322876,,,Ernesto2515@hotmail.com,yes,,,,,,,,,,no,0.00,0,,no,mountain_bike,no,,
'10141136421180,,,esgumaria@gmail.com.com,yes,,,,,,,,,,no,0.00,0,,no,mountain_bike,no,,
'10141136453948,,,esteban05882705@gmail.com,yes,,,,,,,,,,no,0.00,0,,no,mountain_bike,no,,
'10141136486716,,,evalencia18@misena.edu.co,yes,,,,,,,,,,no,0.00,0,,no,mountain_bike,no,,
'10141136552252,,,f.arias@outlook.com,yes,,,,,,,,,,no,0.00,0,,no,mountain_bike,no,,
'10141136683324,,,fabertunin@hotmail.es,yes,,,,,,,,,,no,0.00,0,,no,mountain_bike,no,,
'10141136716092,,,fabianortiz84@hotmail.com,yes,,,,,,,,,,no,0.00,0,,no,mountain_bike,no,,
'10141136748860,,,fabiogarciamonsalve@hotmail.com,yes,,,,,,,,,,no,0.00,0,,no,mountain_bike,no,,
'10141136847164,,,Fainerylopezvilla@gmail.com,yes,,,,,,,,,,no,0.00,0,,no,mountain_bike,no,,
'10141136879932,,,fega855@hotmail.com,yes,,,,,,,,,,no,0.00,0,,no,mountain_bike,no,,
'10141136912700,,,felipe.salcedo16@hotmail.com,yes,,,,,,,,,,no,0.00,0,,no,mountain_bike,no,,
'10141136978236,,,felipeallmountain@gmail.com,yes,,,,,,,,,,no,0.00,0,,no,mountain_bike,no,,
'10141137011004,,,felipemejiao36@gmail.com,yes,,,,,,,,,,no,0.00,0,,no,mountain_bike,no,,
'10141137076540,,,Felipetorres891003@hotmail.com,yes,,,,,,,,,,no,0.00,0,,no,mountain_bike,no,,
'10141137109308,,,felizalamejor@hotmail.com,yes,,,,,,,,,,no,0.00,0,,no,mountain_bike,no,,
'10141137142076,,,ferrexitola26@hotmail.com,yes,,,,,,,,,,no,0.00,0,,no,mountain_bike,no,,
'10141137207612,,,ferrohidalgo@gmail.com,yes,,,,,,,,,,no,0.00,0,,no,mountain_bike,no,,
'10141137240380,,,fesu1973@gmail.com,yes,,,,,,,,,,no,0.00,0,,no,mountain_bike,no,,
'10141137273148,,,figube@hotmail.com,yes,,,,,,,,,,no,0.00,0,,no,mountain_bike,no,,
'10141137305916,,,firedragon2907@hotmail.com,yes,,,,,,,,,,no,0.00,0,,no,mountain_bike,no,,
'10141137338684,,,franchoflorez14@gmail.com,yes,,,,,,,,,,no,0.00,0,,no,mountain_bike,no,,
'10141137371452,,,frankaaglass@hotmail.com,yes,,,,,,,,,,no,0.00,0,,no,mountain_bike,no,,
'10141137436988,,,frankaco24@gmail.com,yes,,,,,,,,,,no,0.00,0,,no,mountain_bike,no,,
'10141137469756,,,freeviasport@gmail.com,yes,,,,,,,,,,no,0.00,0,,no,mountain_bike,no,,
'10141137502524,,,fuquen.freddy@gmail.com,yes,,,,,,,,,,no,0.00,0,,no,mountain_bike,no,,
'10141137568060,,,g.david.d.r@hotmail.com,yes,,,,,,,,,,no,0.00,0,,no,mountain_bike,no,,
'10141137600828,,,gabrielramirezsuarez@hotmail.com,yes,,,,,,,,,,no,0.00,0,,no,mountain_bike,no,,
'10141137633596,,,galvisballesterosjuanesteban@gmail.com,yes,,,,,,,,,,no,0.00,0,,no,mountain_bike,no,,
'10141137666364,,,garincon@uniquindio.edu.co,yes,,,,,,,,,,no,0.00,0,,no,mountain_bike,no,,
'10141137699132,,,Geli-9914@hotmail.com,yes,,,,,,,,,,no,0.00,0,,no,mountain_bike,no,,
'10141137764668,,,german_martinez-g@hotmail.com,yes,,,,,,,,,,no,0.00,0,,no,mountain_bike,no,,
'10141137797436,,,gfranco26@hotmail.com,yes,,,,,,,,,,no,0.00,0,,no,mountain_bike,no,,
'10141137862972,,,gialmarin@hotmail.com,yes,,,,,,,,,,no,0.00,0,,no,mountain_bike,no,,
'10141137895740,,,ginetacero2013@gmail.com,yes,,,,,,,,,,no,0.00,0,,no,mountain_bike,no,,
'10141137961276,,,gomalejo@hotmail.com,yes,,,,,,,,,,no,0.00,0,,no,mountain_bike,no,,
'10141138026812,,,Guillemopra@gmail.com,yes,,,,,,,,,,no,0.00,0,,no,mountain_bike,no,,
'10141138059580,,,gzamudiotorres@gmail.com,yes,,,,,,,,,,no,0.00,0,,no,mountain_bike,no,,
'10141138092348,,,harold.hja@gmail.com,yes,,,,,,,,,,no,0.00,0,,no,mountain_bike,no,,
'10141138125116,,,heanoc.ch@gmail.com,yes,,,,,,,,,,no,0.00,0,,no,mountain_bike,no,,
'10141138190652,,,hefalpa@hotmail.com,yes,,,,,,,,,,no,0.00,0,,no,mountain_bike,no,,
'10141138223420,,,henry107.com@gmail.com,yes,,,,,,,,,,no,0.00,0,,no,mountain_bike,no,,
'10141138256188,,,hernangg8@hotmail.com,yes,,,,,,,,,,no,0.00,0,,no,mountain_bike,no,,
'10141138288956,,,hfariaso@hotmail.com,yes,,,,,,,,,,no,0.00,0,,no,mountain_bike,no,,
'10141138354492,,,hilvar1malaver@gmail.com,yes,,,,,,,,,,no,0.00,0,,no,mountain_bike,no,,
'10141138387260,,,hover28al@Hotmail.com,yes,,,,,,,,,,no,0.00,0,,no,mountain_bike,no,,
'10141138420028,,,hugo.arm@hotmail.com,yes,,,,,,,,,,no,0.00,0,,no,mountain_bike,no,,
'10141138452796,,,ignismagicus@hotmail.com,yes,,,,,,,,,,no,0.00,0,,no,mountain_bike,no,,
'10141138485564,,,Imaginox1088fredy@gmail.com,yes,,,,,,,,,,no,0.00,0,,no,mountain_bike,no,,
'10141138551100,,,info@trochaysol.com,yes,,,,,,,,,,no,0.00,0,,no,mountain_bike,no,,
'10141138583868,,,ingindcristianocampo@gmail.com,yes,,,,,,,,,,no,0.00,0,,no,mountain_bike,no,,
'10141138616636,,,Irmaluciahernandez@gmail.com,yes,,,,,,,,,,no,0.00,0,,no,mountain_bike,no,,
'10141138649404,,,ismagalvisballesteros@gmail.com,yes,,,,,,,,,,no,0.00,0,,no,mountain_bike,no,,
'10141138682172,,,j.mguarani@yahoo.es,yes,,,,,,,,,,no,0.00,0,,no,mountain_bike,no,,
'10141138714940,,,J3viton@gmail.com,yes,,,,,,,,,,no,0.00,0,,no,mountain_bike,no,,
'10141138747708,,,jagoro19@hotmail.com,yes,,,,,,,,,,no,0.00,0,,no,mountain_bike,no,,
'10141138780476,,,jaiderdanielmurcia@gmail.com,yes,,,,,,,,,,no,0.00,0,,no,mountain_bike,no,,
'10141138813244,,,jaimea81@hotmail.com,yes,,,,,,,,,,no,0.00,0,,no,mountain_bike,no,,
'10141138846012,,,jaimealexanderruiz@gmail.com,yes,,,,,,,,,,no,0.00,0,,no,mountain_bike,no,,
'10141138878780,,,jaimegallo70@hotmail.com,yes,,,,,,,,,,no,0.00,0,,no,mountain_bike,no,,
'10141138911548,,,Jaimehernandezsebastianseviche@gmail.com,yes,,,,,,,,,,no,0.00,0,,no,mountain_bike,no,,
'10141138977084,,,jalonsojaramillo95@gmail.com,yes,,,,,,,,,,no,0.00,0,,no,mountain_bike,no,,
'10141139009852,,,jangel54@cue.edu.co,yes,,,,,,,,,,no,0.00,0,,no,mountain_bike,no,,
'10141139042620,,,janspiers23@hotmail.com,yes,,,,,,,,,,no,0.00,0,,no,mountain_bike,no,,
'10141139075388,,,jarl4@hotmail.com,yes,,,,,,,,,,no,0.00,0,,no,mountain_bike,no,,
'10141139108156,,,jarolgm03@outlook.com,yes,,,,,,,,,,no,0.00,0,,no,mountain_bike,no,,
'10141139140924,,,javhercam2879@gmail.com,yes,,,,,,,,,,no,0.00,0,,no,mountain_bike,no,,
'10141139173692,,,javier812481@hotmail.com,yes,,,,,,,,,,no,0.00,0,,no,mountain_bike,no,,
'10141139206460,,,javiercarvajalmoreno@hotmail.com,yes,,,,,,,,,,no,0.00,0,,no,mountain_bike,no,,
'10141139239228,,,javierguerravillegas33@gmail.com,yes,,,,,,,,,,no,0.00,0,,no,mountain_bike,no,,
'10141139271996,,,javiermzuluaga@gmail.com,yes,,,,,,,,,,no,0.00,0,,no,mountain_bike,no,,
'10141139304764,,,Javitoardila@yahoo.com,yes,,,,,,,,,,no,0.00,0,,no,mountain_bike,no,,
'10141139337532,,,jbotero5@hotmail.com,yes,,,,,,,,,,no,0.00,0,,no,mountain_bike,no,,
'10141139370300,,,jcsoriano303@hotmail.com,yes,,,,,,,,,,no,0.00,0,,no,mountain_bike,no,,
'10141139403068,,,jdarwinerazo@gmail.com,yes,,,,,,,,,,no,0.00,0,,no,mountain_bike,no,,
'10141139435836,,,jdiaz.94@hotmail.com,yes,,,,,,,,,,no,0.00,0,,no,mountain_bike,no,,
'10141139468604,,,jegarcialopez@gmail.com,yes,,,,,,,,,,no,0.00,0,,no,mountain_bike,no,,
'10141139501372,,,jeka19neto@hotmail.com,yes,,,,,,,,,,no,0.00,0,,no,mountain_bike,no,,
'10141139534140,,,jemiliosepulveda@gmail.com,yes,,,,,,,,,,no,0.00,0,,no,mountain_bike,no,,
'10141139566908,,,Jenny_2205@hotmail.com,yes,,,,,,,,,,no,0.00,0,,no,mountain_bike,no,,
'10141139599676,,,Jennynet0421@hotmail.com,yes,,,,,,,,,,no,0.00,0,,no,mountain_bike,no,,
'10141139632444,,,jeronimobedoyabotero@hotmail.com,yes,,,,,,,,,,no,0.00,0,,no,mountain_bike,no,,
'10141139665212,,,jfdo8ah@hotmail.com,yes,,,,,,,,,,no,0.00,0,,no,mountain_bike,no,,
'10141139697980,,,jfvilleg@gmail.com,yes,,,,,,,,,,no,0.00,0,,no,mountain_bike,no,,
'10141139730748,,,jheanpoolcardonavasquez@gmail.com,yes,,,,,,,,,,no,0.00,0,,no,mountain_bike,no,,
'10141139763516,,,jhersonca18@hotmail.com,yes,,,,,,,,,,no,0.00,0,,no,mountain_bike,no,,
'10141139796284,,,jhescobar73@gmail.com,yes,,,,,,,,,,no,0.00,0,,no,mountain_bike,no,,
'10141139829052,,,jhoanahoyos@hotmail.com,yes,,,,,,,,,,no,0.00,0,,no,mountain_bike,no,,
'10141139861820,,,jhonatanrr@hotmail.com,yes,,,,,,,,,,no,0.00,0,,no,mountain_bike,no,,
'10141139894588,,,jhonedwardc3@gmail.com,yes,,,,,,,,,,no,0.00,0,,no,mountain_bike,no,,
'10141139960124,,,jhonfredy.motos33@gmail.com,yes,,,,,,,,,,no,0.00,0,,no,mountain_bike,no,,
'10141139992892,,,jhonj2806@yahoo.com,yes,,,,,,,,,,no,0.00,0,,no,mountain_bike,no,,
'10141140058428,,,Jhonjj78@hotmail.com,yes,,,,,,,,,,no,0.00,0,,no,mountain_bike,no,,
'10141140091196,,,jhonmesa392@gmail.com,yes,,,,,,,,,,no,0.00,0,,no,mountain_bike,no,,
'10141140123964,,,jhonmoncadatt@gmail.com,yes,,,,,,,,,,no,0.00,0,,no,mountain_bike,no,,
'10141140156732,,,jhonn17@hotmail.com,yes,,,,,,,,,,no,0.00,0,,no,mountain_bike,no,,
'10141140189500,,,jlara16@cue.edu.co,yes,,,,,,,,,,no,0.00,0,,no,mountain_bike,no,,
'10141140222268,,,joguivalle@hotmail.com,yes,,,,,,,,,,no,0.00,0,,no,mountain_bike,no,,
'10141140287804,,,johanna_pinilla2@hotmail.com,yes,,,,,,,,,,no,0.00,0,,no,mountain_bike,no,,
'10141140320572,,,johnnycarmona86@gmail.com,yes,,,,,,,,,,no,0.00,0,,no,mountain_bike,no,,
'10141140353340,,,joma9904@gmail.com,yes,,,,,,,,,,no,0.00,0,,no,mountain_bike,no,,
'10141140386108,,,jomalo6130@gmail.com,yes,,,,,,,,,,no,0.00,0,,no,mountain_bike,no,,
'10141140418876,,,jorgeatehortuam@gmail.com,yes,,,,,,,,,,no,0.00,0,,no,mountain_bike,no,,
'10141140451644,,,joseacruzmi@gmail.com,yes,,,,,,,,,,no,0.00,0,,no,mountain_bike,no,,
'10141140484412,,,josefernandoopezr@gmail.com,yes,,,,,,,,,,no,0.00,0,,no,mountain_bike,no,,
'10141140517180,,,joseff84@hotmail.com,yes,,,,,,,,,,no,0.00,0,,no,mountain_bike,no,,
'10141140549948,,,jovitadu@gmail.com,yes,,,,,,,,,,no,0.00,0,,no,mountain_bike,no,,
'10141140582716,,,jptrocha@hotmail.com,yes,,,,,,,,,,no,0.00,0,,no,mountain_bike,no,,
'10141140615484,,,jrsg1609@hotmail.com,yes,,,,,,,,,,no,0.00,0,,no,mountain_bike,no,,
'10141140648252,,,juabarrase09@hotmail.com,yes,,,,,,,,,,no,0.00,0,,no,mountain_bike,no,,
'10141140681020,,,juan.socampo@gmail.com,yes,,,,,,,,,,no,0.00,0,,no,mountain_bike,no,,
'10141140713788,,,Juan_buti93@hotmail.com,yes,,,,,,,,,,no,0.00,0,,no,mountain_bike,no,,
'10141140746556,,,juan_velez_mejia@hotmail.com,yes,,,,,,,,,,no,0.00,0,,no,mountain_bike,no,,
'10141140779324,,,juanboter2@gmail.com,yes,,,,,,,,,,no,0.00,0,,no,mountain_bike,no,,
'10141140812092,,,juanca.arbelaez1998@gmail.com,yes,,,,,,,,,,no,0.00,0,,no,mountain_bike,no,,
'10141140844860,,,juancamilocquintero@gmail.com,yes,,,,,,,,,,no,0.00,0,,no,mountain_bike,no,,
'10141140877628,,,juancho52948@hotmail.com,yes,,,,,,,,,,no,0.00,0,,no,mountain_bike,no,,
'10141140910396,,,juanda88-@hotmail.com,yes,,,,,,,,,,no,0.00,0,,no,mountain_bike,no,,
'10141140943164,,,juandelectrica@gmail.com,yes,,,,,,,,,,no,0.00,0,,no,mountain_bike,no,,
'10141140975932,,,juanescor@outlook.com,yes,,,,,,,,,,no,0.00,0,,no,mountain_bike,no,,
'10141141008700,,,juanfdov@gmail.com,yes,,,,,,,,,,no,0.00,0,,no,mountain_bike,no,,
'10141141041468,,,Juanfelipegomezs@gmail.com,yes,,,,,,,,,,no,0.00,0,,no,mountain_bike,no,,
'10141141107004,,,Juangabriel313@hotmail.com,yes,,,,,,,,,,no,0.00,0,,no,mountain_bike,no,,
'10141141139772,,,juangie2009@hotmail.com,yes,,,,,,,,,,no,0.00,0,,no,mountain_bike,no,,
'10141141172540,,,juanjosejaramillo4@hotmail.com,yes,,,,,,,,,,no,0.00,0,,no,mountain_bike,no,,
'10141141205308,,,juanma3126864921@gmail.com,yes,,,,,,,,,,no,0.00,0,,no,mountain_bike,no,,
'10141141238076,,,juanma5040@gmail.com,yes,,,,,,,,,,no,0.00,0,,no,mountain_bike,no,,
'10141141270844,,,juanmaysacha@gmail.com,yes,,,,,,,,,,no,0.00,0,,no,mountain_bike,no,,
'10141141303612,,,juanmd21@gmail.com,yes,,,,,,,,,,no,0.00,0,,no,mountain_bike,no,,
'10141141336380,,,juansymmetry@gmail.com,yes,,,,,,,,,,no,0.00,0,,no,mountain_bike,no,,
'10141141369148,,,juldabe@hotmail.com,yes,,,,,,,,,,no,0.00,0,,no,mountain_bike,no,,
'10141141401916,,,julian_bla@hotmail.com,yes,,,,,,,,,,no,0.00,0,,no,mountain_bike,no,,
'10141141434684,,,julian5296@gmail.com,yes,,,,,,,,,,no,0.00,0,,no,mountain_bike,no,,
'10141141467452,,,juliana28ad@gmail.com,yes,,,,,,,,,,no,0.00,0,,no,mountain_bike,no,,
'10141141500220,,,juliand007@yahoo.es,yes,,,,,,,,,,no,0.00,0,,no,mountain_bike,no,,
'10141141532988,,,JulianIbarra0915@hotmail.com,yes,,,,,,,,,,no,0.00,0,,no,mountain_bike,no,,
'10141141565756,,,julieth.dr@hotmail.com,yes,,,,,,,,,,no,0.00,0,,no,mountain_bike,no,,
'10141141598524,,,Juparo20092009@hotmail.com,yes,,,,,,,,,,no,0.00,0,,no,mountain_bike,no,,
'10141141631292,,,Karenariascastano@gmail.com,yes,,,,,,,,,,no,0.00,0,,no,mountain_bike,no,,
'10141141664060,,,karlosduran78@hotmail.com,yes,,,,,,,,,,no,0.00,0,,no,mountain_bike,no,,
'10141141696828,,,Katerineortiz_@hotmail.com,yes,,,,,,,,,,no,0.00,0,,no,mountain_bike,no,,
'10141141729596,,,kevinmagico2009@hotmail.com,yes,,,,,,,,,,no,0.00,0,,no,mountain_bike,no,,
'10141141762364,,,Krisnazonabike@gmail.com,yes,,,,,,,,,,no,0.00,0,,no,mountain_bike,no,,
'10141141795132,,,laboratorio@villegasycia.com,yes,,,,,,,,,,no,0.00,0,,no,mountain_bike,no,,
'10141141827900,,,laumorales2007lm@gmail.com,yes,,,,,,,,,,no,0.00,0,,no,mountain_bike,no,,
'10141141860668,,,laur397@gmail.com,yes,,,,,,,,,,no,0.00,0,,no,mountain_bike,no,,
'10141141893436,,,laurav333@hotmail.com,yes,,,,,,,,,,no,0.00,0,,no,mountain_bike,no,,
'10141141926204,,,lechugajuzgado@gmail.com,yes,,,,,,,,,,no,0.00,0,,no,mountain_bike,no,,
'10141141958972,,,leerojas1002@gmail.com,yes,,,,,,,,,,no,0.00,0,,no,mountain_bike,no,,
'10141141991740,,,Leonleonfelipe7@gmail.com,yes,,,,,,,,,,no,0.00,0,,no,mountain_bike,no,,
'10141142024508,,,Libanielgomez@gmail.com,yes,,,,,,,,,,no,0.00,0,,no,mountain_bike,no,,
'10141142090044,,,lilianacarmonan08@gmail.com,yes,,,,,,,,,,no,0.00,0,,no,mountain_bike,no,,
'10141142122812,,,limagori_84@hotmail.com,yes,,,,,,,,,,no,0.00,0,,no,mountain_bike,no,,
'10141142155580,,,linamaville@gmail.com,yes,,,,,,,,,,no,0.00,0,,no,mountain_bike,no,,
'10141142188348,,,livergara38@gmail.com,yes,,,,,,,,,,no,0.00,0,,no,mountain_bike,no,,
'10141142221116,,,lizet-7777@hotmail.com,yes,,,,,,,,,,no,0.00,0,,no,mountain_bike,no,,
'10141142253884,,,Lmbedoya.civil@gmail.com,yes,,,,,,,,,,no,0.00,0,,no,mountain_bike,no,,
'10141142286652,,,lopezguzmanjh@gmail.com,yes,,,,,,,,,,no,0.00,0,,no,mountain_bike,no,,
'10141142319420,,,lopezmejiadaniela82@gmail.com,yes,,,,,,,,,,no,0.00,0,,no,mountain_bike,no,,
'10141142352188,,,luchocb2626@gmail.com,yes,,,,,,,,,,no,0.00,0,,no,mountain_bike,no,,
'10141142384956,,,lufese129@hotmail.com,yes,,,,,,,,,,no,0.00,0,,no,mountain_bike,no,,
'10141142417724,,,luiseduart19@hotmail.com,yes,,,,,,,,,,no,0.00,0,,no,mountain_bike,no,,
'10141142450492,,,luisenrique200109@hotmail.com,yes,,,,,,,,,,no,0.00,0,,no,mountain_bike,no,,
'10141142483260,,,luisfer1906@hotmail.com,yes,,,,,,,,,,no,0.00,0,,no,mountain_bike,no,,
'10141142516028,,,luisjose973@gmail.com,yes,,,,,,,,,,no,0.00,0,,no,mountain_bike,no,,
'10141142548796,,,macristco@yahoo.com,yes,,,,,,,,,,no,0.00,0,,no,mountain_bike,no,,
'10141142581564,,,Maelbe63@gmail.com,yes,,,,,,,,,,no,0.00,0,,no,mountain_bike,no,,
'10141142614332,,,mago_0514@hotmail.com,yes,,,,,,,,,,no,0.00,0,,no,mountain_bike,no,,
'10141142647100,,,maoh29@gmail.com,yes,,,,,,,,,,no,0.00,0,,no,mountain_bike,no,,
'10141142712636,,,marcemerchan@hotmail.com,yes,,,,,,,,,,no,0.00,0,,no,mountain_bike,no,,
'10141142745404,,,mariaisabel2884@gmail.com,yes,,,,,,,,,,no,0.00,0,,no,mountain_bike,no,,
'10141142778172,,,marianitazu@gmail.com,yes,,,,,,,,,,no,0.00,0,,no,mountain_bike,no,,
'10141142810940,,,markkomaru@yahoo.com,yes,,,,,,,,,,no,0.00,0,,no,mountain_bike,no,,
'10141142843708,,,marquino14@hotmail.com,yes,,,,,,,,,,no,0.00,0,,no,mountain_bike,no,,
'10141142909244,,,marso107@hotmail.com,yes,,,,,,,,,,no,0.00,0,,no,mountain_bike,no,,
'10141142942012,,,Martaluciavelasquez@hotmail.com,yes,,,,,,,,,,no,0.00,0,,no,mountain_bike,no,,
'10141142974780,,,martinneissa@hotmail.com,yes,,,,,,,,,,no,0.00,0,,no,mountain_bike,no,,
'10141143007548,,,maruolondono1@gmail.com,yes,,,,,,,,,,no,0.00,0,,no,mountain_bike,no,,
'10141143040316,,,mateo.bike@hotmail.com,yes,,,,,,,,,,no,0.00,0,,no,mountain_bike,no,,
'10141143073084,,,mateocuadradot95@hotmail.com,yes,,,,,,,,,,no,0.00,0,,no,mountain_bike,no,,
'10141143105852,,,mauriciobedoyagarces@hotmail.com,yes,,,,,,,,,,no,0.00,0,,no,mountain_bike,no,,
'10141143138620,,,mauriciotrujillo1@hotmail.com,yes,,,,,,,,,,no,0.00,0,,no,mountain_bike,no,,
'10141143171388,,,mauriciovl2005@hotmail.com,yes,,,,,,,,,,no,0.00,0,,no,mountain_bike,no,,
'10141143204156,,,mauro113@hotmail.com,yes,,,,,,,,,,no,0.00,0,,no,mountain_bike,no,,
'10141143236924,,,mauro3170@gmail.com,yes,,,,,,,,,,no,0.00,0,,no,mountain_bike,no,,
'10141143269692,,,mauroftanco123@gmail.com,yes,,,,,,,,,,no,0.00,0,,no,mountain_bike,no,,
'10141143302460,,,mecheman23@gmail.com,yes,,,,,,,,,,no,0.00,0,,no,mountain_bike,no,,
'10141143335228,,,memo-angel@hotmail.com,yes,,,,,,,,,,no,0.00,0,,no,mountain_bike,no,,
'10141143367996,,,mercadeo@clubmilenium.org,yes,,,,,,,,,,no,0.00,0,,no,mountain_bike,no,,
'10141143400764,,,meru801@hotmail.com,yes,,,,,,,,,,no,0.00,0,,no,mountain_bike,no,,
'10141143433532,,,mhor@hotmail.com,yes,,,,,,,,,,no,0.00,0,,no,mountain_bike,no,,
'10141143466300,,,miguelgat@outlook.es,yes,,,,,,,,,,no,0.00,0,,no,mountain_bike,no,,
'10141143499068,,,miguemc@outlook.com,yes,,,,,,,,,,no,0.00,0,,no,mountain_bike,no,,
'10141143531836,,,millis-14@hotmail.com,yes,,,,,,,,,,no,0.00,0,,no,mountain_bike,no,,
'10141143564604,,,mirestrepos2@gmail.com,yes,,,,,,,,,,no,0.00,0,,no,mountain_bike,no,,
'10141143597372,,,miva926@hotmail.com,yes,,,,,,,,,,no,0.00,0,,no,mountain_bike,no,,
'10141143630140,,,monibeg@hotmail.com,yes,,,,,,,,,,no,0.00,0,,no,mountain_bike,no,,
'10141143662908,,,monikavf_75@hotmail.com,yes,,,,,,,,,,no,0.00,0,,no,mountain_bike,no,,
'10141143695676,,,Moratinez13@gmail.com,yes,,,,,,,,,,no,0.00,0,,no,mountain_bike,no,,
'10141143728444,,,Mrduquer@gmail.com,yes,,,,,,,,,,no,0.00,0,,no,mountain_bike,no,,
'10141143761212,,,mvzricardobernal@hotmail.com,yes,,,,,,,,,,no,0.00,0,,no,mountain_bike,no,,
'10141143793980,,,mzulu28@hotmail.com,yes,,,,,,,,,,no,0.00,0,,no,mountain_bike,no,,
'10141143826748,,,N_nitro15@hotmail.com,yes,,,,,,,,,,no,0.00,0,,no,mountain_bike,no,,
'10141143859516,,,nac_diego_sierra@hotmail.com,yes,,,,,,,,,,no,0.00,0,,no,mountain_bike,no,,
'10141143925052,,,narbuit1965@gmail.com,yes,,,,,,,,,,no,0.00,0,,no,mountain_bike,no,,
'10141143957820,,,nata214_21@hotmail.com,yes,,,,,,,,,,no,0.00,0,,no,mountain_bike,no,,
'10141143990588,,,nataliaramirez0698@hotmail.es,yes,,,,,,,,,,no,0.00,0,,no,mountain_bike,no,,
'10141144023356,,,nativo859@hotmail.com,yes,,,,,,,,,,no,0.00,0,,no,mountain_bike,no,,
'10141144056124,,,ne_1965@hotmail.com,yes,,,,,,,,,,no,0.00,0,,no,mountain_bike,no,,
'10141144088892,,,ney0004@hotmail.com,yes,,,,,,,,,,no,0.00,0,,no,mountain_bike,no,,
'10141144121660,,,nicocrack.zx1@gmail.com,yes,,,,,,,,,,no,0.00,0,,no,mountain_bike,no,,
'10141144154428,,,nicoravagli@gmail.com,yes,,,,,,,,,,no,0.00,0,,no,mountain_bike,no,,
'10141144187196,,,nikolasmarquez4@gmail.com,yes,,,,,,,,,,no,0.00,0,,no,mountain_bike,no,,
'10141144219964,,,norbeyturs57@gmail.com,yes,,,,,,,,,,no,0.00,0,,no,mountain_bike,no,,
'10141144252732,,,olgayaneths@gmail.com,yes,,,,,,,,,,no,0.00,0,,no,mountain_bike,no,,
'10141144285500,,,ortegavictor235@gmail.com,yes,,,,,,,,,,no,0.00,0,,no,mountain_bike,no,,
'10141144318268,,,oscar48481@gmail.com,yes,,,,,,,,,,no,0.00,0,,no,mountain_bike,no,,
'10141144351036,,,Oscarfabia@hotmail.com,yes,,,,,,,,,,no,0.00,0,,no,mountain_bike,no,,
'10141144383804,,,oscarhernandomontes@gmail.com,yes,,,,,,,,,,no,0.00,0,,no,mountain_bike,no,,
'10141144449340,,,oscarlira1@hotmail.es,yes,,,,,,,,,,no,0.00,0,,no,mountain_bike,no,,
'10141144482108,,,osgm95@hotmail.com,yes,,,,,,,,,,no,0.00,0,,no,mountain_bike,no,,
'10141144514876,,,oskarmarin@yahoo.es,yes,,,,,,,,,,no,0.00,0,,no,mountain_bike,no,,
'10141144547644,,,ospina.02@hotmail.com,yes,,,,,,,,,,no,0.00,0,,no,mountain_bike,no,,
'10141144580412,,,pabloa_135@hotmail.com,yes,,,,,,,,,,no,0.00,0,,no,mountain_bike,no,,
'10141144613180,,,pachoja09@hotmail.com,yes,,,,,,,,,,no,0.00,0,,no,mountain_bike,no,,
'10141144645948,,,palafincaquindio@gmail.com,yes,,,,,,,,,,no,0.00,0,,no,mountain_bike,no,,
'10141144711484,,,paochaves0187@hotmail.com,yes,,,,,,,,,,no,0.00,0,,no,mountain_bike,no,,
'10141144744252,,,paolatati963@hotmail.com,yes,,,,,,,,,,no,0.00,0,,no,mountain_bike,no,,
'10141144777020,,,Paulita532@hotmail.com,yes,,,,,,,,,,no,0.00,0,,no,mountain_bike,no,,
'10141144809788,,,pavlu471@gmail.com,yes,,,,,,,,,,no,0.00,0,,no,mountain_bike,no,,
'10141144842556,,,pecas357@hotmail.com,yes,,,,,,,,,,no,0.00,0,,no,mountain_bike,no,,
'10141144875324,,,Pedro_6913@hotmail.com,yes,,,,,,,,,,no,0.00,0,,no,mountain_bike,no,,
'10141144908092,,,personaljmc@gmail.com,yes,,,,,,,,,,no,0.00,0,,no,mountain_bike,no,,
'10141144940860,,,piita1982@hotmail.com,yes,,,,,,,,,,no,0.00,0,,no,mountain_bike,no,,
'10141144973628,,,pilaroa81@yahoo.com,yes,,,,,,,,,,no,0.00,0,,no,mountain_bike,no,,
'10141145006396,,,pinillamarian338@gmail.com,yes,,,,,,,,,,no,0.00,0,,no,mountain_bike,no,,
'10141145039164,,,pipasr@hotmail.com,yes,,,,,,,,,,no,0.00,0,,no,mountain_bike,no,,
'10141145071932,,,pipesantis.01@hotmail.com,yes,,,,,,,,,,no,0.00,0,,no,mountain_bike,no,,
'10141145104700,,,pipevallejo07@hotmial.com,yes,,,,,,,,,,no,0.00,0,,no,mountain_bike,no,,
'10141145137468,,,piyijr1@hotmail.com,yes,,,,,,,,,,no,0.00,0,,no,mountain_bike,no,,
'10141145170236,,,raguirre1981@gmail.com,yes,,,,,,,,,,no,0.00,0,,no,mountain_bike,no,,
'10141145203004,,,ramirez8619@hotmail.com,yes,,,,,,,,,,no,0.00,0,,no,mountain_bike,no,,
'10141145235772,,,rebelsonwheels@hotmail.com,yes,,,,,,,,,,no,0.00,0,,no,mountain_bike,no,,
'10141145268540,,,Renautos2011@hotmail.com,yes,,,,,,,,,,no,0.00,0,,no,mountain_bike,no,,
'10141145334076,,,rgallego26@gmail.com,yes,,,,,,,,,,no,0.00,0,,no,mountain_bike,no,,
'10141145366844,,,richarg2345@hotmail.com,yes,,,,,,,,,,no,0.00,0,,no,mountain_bike,no,,
'10141145399612,,,rmoralesb@misena.edu.co,yes,,,,,,,,,,no,0.00,0,,no,mountain_bike,no,,
'10141145432380,,,rodrigarco@gmail.com,yes,,,,,,,,,,no,0.00,0,,no,mountain_bike,no,,
'10141145465148,,,rog3rss@hotmail.com,yes,,,,,,,,,,no,0.00,0,,no,mountain_bike,no,,
'10141145530684,,,rolandofotografia@gmail.com,yes,,,,,,,,,,no,0.00,0,,no,mountain_bike,no,,
'10141145563452,,,Rolland@Hotmail.com,yes,,,,,,,,,,no,0.00,0,,no,mountain_bike,no,,
'10141145596220,,,romauropedraza85@gmail.com,yes,,,,,,,,,,no,0.00,0,,no,mountain_bike,no,,
'10141145628988,,,ruben.dramirezm@hotmail.com,yes,,,,,,,,,,no,0.00,0,,no,mountain_bike,no,,
'10141145661756,,,ruiz.juanda@gmail.com,yes,,,,,,,,,,no,0.00,0,,no,mountain_bike,no,,
'10141145694524,,,rutaideal2000@gmail.com,yes,,,,,,,,,,no,0.00,0,,no,mountain_bike,no,,
'10141145727292,,,rutasoldador@gmail.com,yes,,,,,,,,,,no,0.00,0,,no,mountain_bike,no,,
'10141145760060,,,ryc-agroexpres_agro@outlook.com,yes,,,,,,,,,,no,0.00,0,,no,mountain_bike,no,,
'10141145825596,,,salcedorealesmarlon@hotmail.com,yes,,,,,,,,,,no,0.00,0,,no,mountain_bike,no,,
'10141145858364,,,saloja17@hotmail.com,yes,,,,,,,,,,no,0.00,0,,no,mountain_bike,no,,
'10141145891132,,,santi-2995@hotmail.com,yes,,,,,,,,,,no,0.00,0,,no,mountain_bike,no,,
'10141145956668,,,santiagoferan@gmail.com,yes,,,,,,,,,,no,0.00,0,,no,mountain_bike,no,,
'10141145989436,,,santico76@hotmail.com,yes,,,,,,,,,,no,0.00,0,,no,mountain_bike,no,,
'10141146022204,,,santir0326@gmail.com,yes,,,,,,,,,,no,0.00,0,,no,mountain_bike,no,,
'10141146087740,,,santiuribeso@gmail.com,yes,,,,,,,,,,no,0.00,0,,no,mountain_bike,no,,
'10141146120508,,,Sebasescobarcolombia@gmail.com,yes,,,,,,,,,,no,0.00,0,,no,mountain_bike,no,,
'10141146153276,,,Sebastianrestrepo595@hotmail.com,yes,,,,,,,,,,no,0.00,0,,no,mountain_bike,no,,
'10141146186044,,,Seinaque-arte@hotmail.es,yes,,,,,,,,,,no,0.00,0,,no,mountain_bike,no,,
'10141146218812,,,Sepisa20@hotmail.com,yes,,,,,,,,,,no,0.00,0,,no,mountain_bike,no,,
'10141146251580,,,silaravel1@hotmail.com,yes,,,,,,,,,,no,0.00,0,,no,mountain_bike,no,,
'10141146317116,,,simongonzalezlopez@gmail.com,yes,,,,,,,,,,no,0.00,0,,no,mountain_bike,no,,
'10141146349884,,,soccerman808@hotmail.com,yes,,,,,,,,,,no,0.00,0,,no,mountain_bike,no,,
'10141146415420,,,sotocar_5@hotmail.com,yes,,,,,,,,,,no,0.00,0,,no,mountain_bike,no,,
'10141146448188,,,succesalpari@hotmail.com,yes,,,,,,,,,,no,0.00,0,,no,mountain_bike,no,,
'10141146480956,,,superbodegadelconcentrado@gmail.com,yes,,,,,,,,,,no,0.00,0,,no,mountain_bike,no,,
'10141146546492,,,sutpy@hotmail.com,yes,,,,,,,,,,no,0.00,0,,no,mountain_bike,no,,
'10141146579260,,,taufo78@gmail.com,yes,,,,,,,,,,no,0.00,0,,no,mountain_bike,no,,
'10141146612028,,,tecnicosistemas85@gmail.com,yes,,,,,,,,,,no,0.00,0,,no,mountain_bike,no,,
'10141146644796,,,tecnotebaida-2015@hotmail.com,yes,,,,,,,,,,no,0.00,0,,no,mountain_bike,no,,
'10141146677564,,,Terra.bike@hotmail.com,yes,,,,,,,,,,no,0.00,0,,no,mountain_bike,no,,
'10141146743100,,,thurisaz53@hotmail.com,yes,,,,,,,,,,no,0.00,0,,no,mountain_bike,no,,
'10141146808636,,,Tike_007@hotmail.com,yes,,,,,,,,,,no,0.00,0,,no,mountain_bike,no,,
'10141146841404,,,tipoencucardona@hotmail.com,yes,,,,,,,,,,no,0.00,0,,no,mountain_bike,no,,
'10141146874172,,,tomaselipeo@hotmail.com,yes,,,,,,,,,,no,0.00,0,,no,mountain_bike,no,,
'10141146939708,,,transportes47@hotmail.com,yes,,,,,,,,,,no,0.00,0,,no,mountain_bike,no,,
'10141146972476,,,vanessagaviria93@gmail.com,yes,,,,,,,,,,no,0.00,0,,no,mountain_bike,no,,
'10141147005244,,,vic-mejia@hotmail.com,yes,,,,,,,,,,no,0.00,0,,no,mountain_bike,no,,
'10141147038012,,,victorauxdimf@gmail.com,yes,,,,,,,,,,no,0.00,0,,no,mountain_bike,no,,
'10141147070780,,,victormanuelocampo2015@gmail.com,yes,,,,,,,,,,no,0.00,0,,no,mountain_bike,no,,
'10141147136316,,,vida.enrap@gmail.com,yes,,,,,,,,,,no,0.00,0,,no,mountain_bike,no,,
'10141147169084,,,vigucho@gmail.com,yes,,,,,,,,,,no,0.00,0,,no,mountain_bike,no,,
'10141147201852,,,vivivargas2012@hotmail.com,yes,,,,,,,,,,no,0.00,0,,no,mountain_bike,no,,
'10141147234620,,,vjhc23@hotmail.com,yes,,,,,,,,,,no,0.00,0,,no,mountain_bike,no,,
'10141147267388,,,wcarmonan@gmail.com,yes,,,,,,,,,,no,0.00,0,,no,mountain_bike,no,,
'10141147332924,,,wgomez21@outlook.com,yes,,,,,,,,,,no,0.00,0,,no,mountain_bike,no,,
'10141147365692,,,Williamarin1012@gmail.com,yes,,,,,,,,,,no,0.00,0,,no,mountain_bike,no,,
'10141147398460,,,williamtaborda@misena.edu.co,yes,,,,,,,,,,no,0.00,0,,no,mountain_bike,no,,
'10141147431228,,,wilson_millan@yahoo.com,yes,,,,,,,,,,no,0.00,0,,no,mountain_bike,no,,
'10141147496764,,,wilval_19731999@Hotmail.com,yes,,,,,,,,,,no,0.00,0,,no,mountain_bike,no,,
'10141147529532,,,wpwpelaez@gmail.com,yes,,,,,,,,,,no,0.00,0,,no,mountain_bike,no,,
'10141147562300,,,Wtorresalzate@hotmail.com,yes,,,,,,,,,,no,0.00,0,,no,mountain_bike,no,,
'10141147595068,,,yenni85@hotmail.com,yes,,,,,,,,,,no,0.00,0,,no,mountain_bike,no,,
'10141147660604,,,Yimi2591@gmail.com,yes,,,,,,,,,,no,0.00,0,,no,mountain_bike,no,,
'10141147693372,,,yiyoartesano@hotmail.com,yes,,,,,,,,,,no,0.00,0,,no,mountain_bike,no,,
'10141147726140,,,Yiyowilson@hotmail.com,yes,,,,,,,,,,no,0.00,0,,no,mountain_bike,no,,
'10141147758908,,,yo-marce@hotmail.com,yes,,,,,,,,,,no,0.00,0,,no,mountain_bike,no,,
'10141147791676,,,yosianaquintero@gmail.com,yes,,,,,,,,,,no,0.00,0,,no,mountain_bike,no,,
'10141147857212,,,zetik_henao@hotmail.com,yes,,,,,,,,,,no,0.00,0,,no,mountain_bike,no,,
'10265374916924,Jessica,Alexander Barrera Bustamante,wguerrero@example.com,no,,,,,,,,,,no,0.00,0,,no,,no,,
'10329524175164,Cristhian,Rojas,cristhianrojasg@hotmail.com,yes,1094946248,Cll 45N,,Armenia,QUI,CO,,'3147249068,,no,33915.00,1,,no,,no,,
'10368859963708,Julian,Guzman,julian.0033@hotmail.com,yes,,Armenia,,Armenia,QUI,CO,,'3177343080,,no,339500.00,1,,no,,no,,
'10514789007676,Kristian,Yustre,kristi-37@hotmail.com,yes,,,,,,CO,,,'+393342094057,no,550800.00,1,,no,,no,,
'10620535308604,Ismael,Correa,ismael.correa@firplak.com,yes,,,,,,,,,'+573158173387,no,226440.00,1,,no,,no,,
'10765347946812,Cristian Mauricio,López silva,cristianlopezsilva50@gmail.com,yes,,Barrio limonar,Etapa 2 mz 4 casa 7,Armenia,QUI,CO,,'+573128491964,,no,97800.00,1,,no,,no,,
'10767465546044,Catalina,Carrizosa,ccarrizo9@gmail.com,yes,,,,,,,,,'+573003026362,no,357300.00,1,,no,Wrote Judge.me email review,no,,
